Range,Style,Total Proj Time (ns),Total Range Time (ns),Range Instances,Proj Avg (ns),Proj Med (ns),Proj Min (ns),Proj Max (ns),Proj StdDev (ns),Total GPU Ops,Avg GPU Ops,Avg Range Lvl,Avg Num Child
TSL:Thunk:#hlo_op=while.1992#,PushPop,33211155725,33244558539,3,11070385241.7,11758626615.0,9659313738,11793215372,1222146139.7,2573910,857970.0,1.0,10350.0
"TSL:XlaModule:#hlo_module=jit__run_forecast_operational_jit,program_id=594#",PushPop,23551841987,23596984087,2,11775920993.5,11775920993.5,11758626615,11793215372,24457944.6,1715940,857970.0,0.0,1.0
"TSL:Thunk:#name=jit(_run_forecast_operational_jit)/while/body/closed_call/jit(step_mynn_pbl_column),hlo_op=while.1952#",PushPop,13814400877,14457855913,270,51164447.7,53588995.0,43599059,57452187,4831440.3,1134000,4200.0,2.0,42.0
"TSL:Thunk:#name=jit(_run_forecast_operational_jit)/while/body/closed_call/jit(step_mynn_pbl_column)/vmap(vmap())/while/body/closed_call,hlo_op=while.1#",PushPop,12998697082,13751168978,11340,1146269.6,952482.0,945475,2934376,393303.5,1134000,100.0,3.0,100.0
"TSL:Thunk:#name=jit(_run_forecast_operational_jit)/while/body/closed_call/jit(step_mynn_pbl_column)/vmap(vmap())/while/body/closed_call/while/body/closed_call,hlo_op=loop_multiply_fusion.1#",PushPop,12264806285,5077320281,567000,21631.1,18176.0,17951,2000260,58740.0,567000,1.0,4.0,0.0
"TSL:XlaModule:#hlo_module=jit__run_forecast_operational_jit,program_id=335#",PushPop,9659313738,9692398170,1,9659313738.0,9659313738.0,9659313738,9659313738,0.0,857970,857970.0,0.0,1.0
TSL:Thunk:#hlo_op=while.1991#,PushPop,2628199786,3723299992,270,9734073.3,9680116.5,8168749,12230731,1193344.2,712800,2640.0,2.0,50.0
TSL:Thunk:#hlo_op=while.1990#,PushPop,1240934011,5347962131,270,4596051.9,4185702.5,3782595,6747726,837280.1,356400,1320.0,2.0,25.0
"TSL:Thunk:#name=jit(_run_forecast_operational_jit)/while/body/closed_call/jit(step_mynn_pbl_column)/vmap(vmap())/while/body/closed_call,hlo_op=loop_add_fusion.5#",PushPop,594935712,8461639404,567000,1049.3,768.0,704,1579747,15044.8,567000,1.0,4.0,0.0
"TSL:Thunk:#name=jit(_run_forecast_operational_jit)/while/body/closed_call,hlo_op=while.1988#",PushPop,407881480,4640003492,270,1510672.1,1294497.0,1287553,2873319,403403.1,21600,80.0,2.0,80.0
"TSL:Thunk:#name=jit(_run_forecast_operational_jit)/while/body/closed_call/while/body/closed_call,hlo_op=while.1843#",PushPop,394024217,1030115379,2700,145934.9,127840.0,126977,1547651,128802.6,356400,132.0,3.0,132.0
"TSL:Thunk:#name=jit(_run_forecast_operational_jit)/while/body/closed_call/while/body/closed_call,hlo_op=loop_or_select_fusion#",PushPop,387953172,17657175,5400,71843.2,61728.0,52064,1626308,101046.9,5400,1.0,3.0,0.0
"TSL:Thunk:#name=jit(_run_forecast_operational_jit)/while/body/closed_call/while/body/closed_call,hlo_op=while.1846#",PushPop,374633415,2612474046,2700,138753.1,123328.0,122176,1621572,114474.1,348300,129.0,3.0,129.0
"TSL:Thunk:#name=jit(_run_forecast_operational_jit)/while/body/closed_call/while/body/closed_call,hlo_op=while.1774#",PushPop,219469252,1456000545,1350,162569.8,129312.0,128672,1508705,178400.2,178200,132.0,3.0,132.0
"TSL:Thunk:#name=jit(_run_forecast_operational_jit)/while/body/closed_call/while/body/closed_call,hlo_op=while.1777#",PushPop,188227532,3812847568,1350,139427.8,124160.0,122784,2105729,123561.2,174150,129.0,3.0,129.0
"TSL:Thunk:#name=jit(_run_forecast_operational_jit)/while/body/closed_call/while/body/closed_call,hlo_op=loop_multiply_fusion.8#",PushPop,132811516,287115705,118800,1117.9,992.0,928,1275041,10929.2,118800,1.0,4.0,0.0
"TSL:Thunk:#name=jit(_run_forecast_operational_jit)/while/body/closed_call/while/body/closed_call,hlo_op=loop_subtract_fusion.6#",PushPop,116948203,622158903,116100,1007.3,928.0,896,1321249,7301.9,116100,1.0,4.0,0.0
"TSL:Thunk:#name=jit(_run_forecast_operational_jit)/while/body/closed_call/jit(step_mynn_pbl_column)/tridiagonal_solve,hlo_op=tridiagonal_solve.18#",PushPop,114800855,2238684,270,425188.4,291136.0,289248,1746658,351259.5,540,2.0,2.0,0.0
"TSL:Thunk:#name=jit(_run_forecast_operational_jit)/while/body/closed_call/while/body/closed_call,hlo_op=loop_dynamic_update_slice_fusion.68#",PushPop,104272224,941215963,116100,898.1,800.0,736,1487171,9720.4,116100,1.0,4.0,0.0
"TSL:Thunk:#name=jit(_run_forecast_operational_jit)/while/body/closed_call/while/body/closed_call,hlo_op=loop_add_fusion.21#",PushPop,100608319,292201816,118800,846.9,768.0,704,1366787,8698.5,118800,1.0,4.0,0.0
"TSL:Thunk:#name=jit(_run_forecast_operational_jit)/while/body/closed_call/while/body/closed_call,hlo_op=loop_dynamic_update_slice_fusion.66#",PushPop,97650868,386828859,118800,822.0,768.0,736,1186242,6176.5,118800,1.0,4.0,0.0
"TSL:Thunk:#name=jit(_run_forecast_operational_jit)/while/body/closed_call/while/body/closed_call,hlo_op=loop_add_fusion.23#",PushPop,91510675,985214948,116100,788.2,768.0,704,805506,3328.5,116100,1.0,4.0,0.0
TSL:Thunk:#hlo_op=cond.1.clone.1#,PushPop,85143229,2796171721,270,315345.3,73760.0,15744,1546147,425490.2,540,2.0,2.0,1.0
"TSL:Thunk:#name=jit(_run_forecast_operational_jit)/while/body/closed_call/jit(step_mynn_pbl_column)/tridiagonal_solve,hlo_op=tridiagonal_solve.19#",PushPop,80136410,27719183,270,296801.5,290241.0,288801,842241,49883.6,540,2.0,2.0,0.0
"TSL:Thunk:#name=jit(_run_forecast_operational_jit)/while/body/closed_call/jit(step_mynn_pbl_column)/tridiagonal_solve,hlo_op=tridiagonal_solve.15#",PushPop,80032796,1986370,270,296417.8,290913.0,289343,753760,46220.2,540,2.0,2.0,0.0
"TSL:Thunk:#name=jit(_run_forecast_operational_jit)/while/body/closed_call/jit(step_mynn_pbl_column)/tridiagonal_solve,hlo_op=tridiagonal_solve.16#",PushPop,78634683,2016387,270,291239.6,291232.0,289344,292097,403.1,540,2.0,2.0,0.0
"TSL:Thunk:#name=jit(_run_forecast_operational_jit)/while/body/closed_call/jit(step_mynn_pbl_column)/tridiagonal_solve,hlo_op=tridiagonal_solve.17#",PushPop,78604568,2044149,270,291128.0,291169.0,289441,291777,308.4,540,2.0,2.0,0.0
"TSL:Thunk:#name=jit(_run_forecast_operational_jit)/while/body/closed_call/jit(step_thompson_column_with_precip),hlo_op=while.1915#",PushPop,69569076,231090429,270,257663.2,140896.0,139520,1818148,322622.1,35640,132.0,2.0,132.0
"TSL:Thunk:#name=jit(_run_forecast_operational_jit)/while/body/closed_call/while/body/closed_call,hlo_op=loop_multiply_fusion#",PushPop,67146471,467583404,59400,1130.4,992.0,960,1259426,10954.8,59400,1.0,4.0,0.0
"TSL:Thunk:#name=jit(_run_forecast_operational_jit)/while/body/closed_call/jit(step_thompson_column_with_precip),hlo_op=while.1912#",PushPop,63157320,105634986,270,233916.0,140896.0,139809,1529827,297712.5,35640,132.0,2.0,132.0
"TSL:Thunk:#name=jit(_run_forecast_operational_jit)/while/body/closed_call/while/body/closed_call,hlo_op=loop_subtract_fusion#",PushPop,57187790,527514566,58050,985.1,928.0,896,613345,4445.2,58050,1.0,4.0,0.0
"TSL:Thunk:#name=jit(_run_forecast_operational_jit)/while/body/closed_call/while/body/closed_call,hlo_op=loop_dynamic_update_slice_fusion.1#",PushPop,57063959,500895645,59400,960.7,800.0,736,1374017,13092.9,59400,1.0,4.0,0.0
"TSL:Thunk:#name=jit(_run_forecast_operational_jit)/while/body/closed_call/while/body/closed_call,hlo_op=loop_add_fusion.1#",PushPop,54714415,452698933,59400,921.1,768.0,736,1368801,11923.0,59400,1.0,4.0,0.0
"TSL:Thunk:#name=jit(_run_forecast_operational_jit)/while/body/closed_call/jit(step_thompson_column_with_precip),hlo_op=while.1921#",PushPop,53259511,100478176,270,197257.4,135232.0,133633,1398659,247062.3,35640,132.0,2.0,132.0
"TSL:Thunk:#name=jit(_run_forecast_operational_jit)/while/body/closed_call/jit(step_thompson_column_with_precip),hlo_op=while.1924#",PushPop,51461810,133780816,270,190599.3,148449.0,145472,1727459,205086.8,35640,132.0,2.0,132.0
"TSL:Thunk:#name=jit(_run_forecast_operational_jit)/while/body/closed_call/while/body/closed_call,hlo_op=loop_add_fusion.2#",PushPop,50992726,2144822774,58050,878.4,768.0,704,1982081,11889.1,58050,1.0,4.0,0.0
"TSL:Thunk:#name=jit(_run_forecast_operational_jit)/while/body/closed_call/while/body/closed_call,hlo_op=loop_dynamic_update_slice_fusion.2#",PushPop,49750604,1106576835,58050,857.0,800.0,736,1255042,7506.8,58050,1.0,4.0,0.0
"TSL:Thunk:#name=jit(_run_forecast_operational_jit)/while/body/closed_call/while/body/closed_call,hlo_op=while.2212#",PushPop,47266666,442308561,270,175061.7,129057.0,127936,1363363,192743.7,35640,132.0,2.0,132.0
"TSL:Thunk:#name=jit(_run_forecast_operational_jit)/while/body/closed_call/while/body/closed_call,hlo_op=while.2215#",PushPop,43112544,345642397,270,159676.1,124576.0,122432,1473825,175490.4,34830,129.0,2.0,129.0
"TSL:Thunk:#name=jit(_run_forecast_operational_jit)/while/body/closed_call/jit(step_thompson_column_with_precip),hlo_op=while.1939#",PushPop,40946340,113073575,270,151653.1,149552.5,146209,333504,18894.7,35640,132.0,2.0,132.0
"TSL:Thunk:#name=jit(_run_forecast_operational_jit)/while/body/closed_call/jit(step_thompson_column_with_precip),hlo_op=while.1930#",PushPop,38244791,101982876,270,141647.4,141760.5,140192,161184,1373.9,35640,132.0,2.0,132.0
"TSL:Thunk:#name=jit(_run_forecast_operational_jit)/while/body/closed_call/jit(step_thompson_column_with_precip),hlo_op=while.1936#",PushPop,37697734,193481503,270,139621.2,135232.0,133760,558497,35309.2,35640,132.0,2.0,132.0
"TSL:Thunk:#name=jit(_run_forecast_operational_jit)/while/body/closed_call/jit(step_thompson_column_with_precip)/while/body,hlo_op=loop_select_fusion.5#",PushPop,26862829,28746963,11880,2261.2,1312.0,1088,1248290,30246.4,11880,1.0,3.0,0.0
"TSL:Thunk:#name=jit(_run_forecast_operational_jit)/while/body/closed_call/jit(step_thompson_column_with_precip)/while/body,hlo_op=loop_select_fusion.7#",PushPop,24500298,27683521,11880,2062.3,1408.0,1312,1577059,27414.2,11880,1.0,3.0,0.0
"TSL:Thunk:#name=jit(_run_forecast_operational_jit)/while/body/closed_call/jit(step_thompson_column_with_precip)/while/body,hlo_op=loop_select_fusion#",PushPop,21679422,31747465,11880,1824.9,1312.0,1088,1384034,24226.1,11880,1.0,3.0,0.0
"TSL:Thunk:#name=jit(_run_forecast_operational_jit)/while/body/closed_call/jit(step_thompson_column_with_precip)/while/body,hlo_op=loop_select_fusion.6#",PushPop,18055037,27411006,11880,1519.8,1120.0,1088,1255298,19646.7,11880,1.0,3.0,0.0
"TSL:Thunk:#name=jit(_run_forecast_operational_jit)/while/body/closed_call/jit(step_thompson_column_with_precip)/while/body,hlo_op=loop_select_fusion.10#",PushPop,17582968,29009103,11880,1480.0,1440.0,1312,182849,1668.1,11880,1.0,3.0,0.0
"TSL:Thunk:#name=jit(_run_forecast_operational_jit)/while/body/closed_call/jit(step_thompson_column_with_precip),hlo_op=loop_dynamic_update_slice_fusion.9#",PushPop,17488441,43080840,11880,1472.1,768.0,736,1255203,26405.7,11880,1.0,3.0,0.0
"TSL:Thunk:#name=jit(_run_forecast_operational_jit)/while/body/closed_call/while/body/closed_call,hlo_op=loop_multiply_fusion.9#",PushPop,16732157,141458071,11880,1408.4,992.0,928,1234914,20008.5,11880,1.0,3.0,0.0
"TSL:Thunk:#name=jit(_run_forecast_operational_jit)/while/body/closed_call/jit(step_thompson_column_with_precip),hlo_op=loop_add_fusion#",PushPop,16668872,27302778,11880,1403.1,768.0,736,1389923,26559.8,11880,1.0,3.0,0.0
"TSL:Thunk:#name=jit(_run_forecast_operational_jit)/while/body/closed_call/jit(step_thompson_column_with_precip),hlo_op=loop_dynamic_update_slice_fusion#",PushPop,15460786,39670115,11880,1301.4,768.0,736,1263138,23242.4,11880,1.0,3.0,0.0
"TSL:Thunk:#name=jit(_run_forecast_operational_jit)/while/body/closed_call/jit(step_thompson_column_with_precip)/while/body,hlo_op=loop_select_fusion.8#",PushPop,15277806,28028101,11880,1286.0,1344.0,1088,3136,142.6,11880,1.0,3.0,0.0
"TSL:Thunk:#name=jit(_run_forecast_operational_jit)/while/body/closed_call/jit(step_thompson_column_with_precip),hlo_op=loop_add_fusion.8#",PushPop,14983338,151652514,11880,1261.2,768.0,736,1678467,24346.1,11880,1.0,3.0,0.0
"TSL:Thunk:#name=jit(_run_forecast_operational_jit)/while/body/closed_call/jit(step_thompson_column_with_precip)/while/body,hlo_op=loop_select_fusion.9#",PushPop,14103865,32483751,11880,1187.2,1120.0,1088,421473,4203.7,11880,1.0,3.0,0.0
"TSL:Thunk:#name=jit(_run_forecast_operational_jit)/while/body/closed_call/while/body/closed_call,hlo_op=loop_subtract_fusion.7#",PushPop,13011158,102390232,11610,1120.7,960.0,896,433632,5434.0,11610,1.0,3.0,0.0
"TSL:Thunk:#name=jit(_run_forecast_operational_jit)/while/body/closed_call/jit(step_thompson_column_with_precip),hlo_op=loop_dynamic_update_slice_fusion.10#",PushPop,12976679,38668922,11880,1092.3,768.0,736,1264227,17485.9,11880,1.0,3.0,0.0
"TSL:Thunk:#name=jit(_run_forecast_operational_jit)/while/body/closed_call/while/body/closed_call/slice,hlo_op=wrapped_slice.63#",PushPop,12931012,6105466,2700,4789.3,4767.0,4320,5888,173.2,2700,1.0,3.0,0.0
"TSL:Thunk:#name=jit(_run_forecast_operational_jit)/while/body/closed_call/while/body/closed_call,hlo_op=loop_add_fusion.24#",PushPop,12850245,104450199,11610,1106.8,768.0,704,1227619,19785.8,11610,1.0,3.0,0.0
"TSL:Thunk:#name=jit(_run_forecast_operational_jit)/while/body/closed_call/jit(step_thompson_column_with_precip),hlo_op=loop_dynamic_update_slice_fusion.11#",PushPop,11433668,38851089,11880,962.4,768.0,736,1266402,12923.0,11880,1.0,3.0,0.0
"TSL:Thunk:#name=jit(_run_forecast_operational_jit)/while/body/closed_call/while/body/closed_call,hlo_op=loop_dynamic_update_slice_fusion.67#",PushPop,11372546,137571096,11880,957.3,800.0,736,1192290,11664.8,11880,1.0,3.0,0.0
"TSL:Thunk:#name=jit(_run_forecast_operational_jit)/while/body/closed_call/while/body/closed_call,hlo_op=loop_dynamic_update_slice_fusion.69#",PushPop,10927350,131284992,11610,941.2,768.0,736,1188515,11980.1,11610,1.0,3.0,0.0
"TSL:Thunk:#name=jit(_run_forecast_operational_jit)/while/body/closed_call/while/body/closed_call,hlo_op=loop_add_fusion.22#",PushPop,10453193,155374945,11880,879.9,768.0,736,647586,6935.7,11880,1.0,3.0,0.0
"TSL:Thunk:#name=jit(_run_forecast_operational_jit)/while/body/closed_call/jit(step_thompson_column_with_precip),hlo_op=loop_add_fusion.10#",PushPop,10343357,60145002,11880,870.7,768.0,736,564545,6646.1,11880,1.0,3.0,0.0
"TSL:Thunk:#name=jit(_run_forecast_operational_jit)/while/body/closed_call/jit(step_thompson_column_with_precip),hlo_op=loop_add_fusion.9#",PushPop,9976856,27368910,11880,839.8,768.0,736,401601,4221.9,11880,1.0,3.0,0.0
"TSL:Thunk:#name=jit(_run_forecast_operational_jit)/while/body/closed_call/jit(step_thompson_column_with_precip),hlo_op=loop_add_fusion.13#",PushPop,9637957,30927647,11880,811.3,768.0,736,175840,1608.7,11880,1.0,3.0,0.0
"TSL:Thunk:#name=jit(_run_forecast_operational_jit)/while/body/closed_call/jit(step_thompson_column_with_precip),hlo_op=loop_dynamic_update_slice_fusion.13#",PushPop,9536365,48453475,11880,802.7,768.0,736,251488,2301.6,11880,1.0,3.0,0.0
"TSL:Thunk:#name=jit(_run_forecast_operational_jit)/while/body/closed_call/jit(step_thompson_column_with_precip),hlo_op=loop_add_fusion.12#",PushPop,9532244,105093461,11880,802.4,768.0,736,214496,1965.1,11880,1.0,3.0,0.0
"TSL:Thunk:#name=jit(_run_forecast_operational_jit)/while/body/closed_call/jit(step_thompson_column_with_precip),hlo_op=loop_dynamic_update_slice_fusion.14#",PushPop,9469830,45787290,11880,797.1,768.0,736,185984,1699.8,11880,1.0,3.0,0.0
"TSL:Thunk:#name=jit(_run_forecast_operational_jit)/while/body/closed_call/jit(step_thompson_column_with_precip),hlo_op=loop_add_fusion.11#",PushPop,9289718,27300933,11880,782.0,768.0,736,2208,33.5,11880,1.0,3.0,0.0
"TSL:Thunk:#name=jit(_run_forecast_operational_jit)/while/body/closed_call/jit(step_thompson_column_with_precip),hlo_op=loop_dynamic_update_slice_fusion.12#",PushPop,9276305,39458080,11880,780.8,768.0,736,2880,42.0,11880,1.0,3.0,0.0
"TSL:Thunk:#name=jit(_run_forecast_operational_jit)/while/body/closed_call/while/body/closed_call/slice,hlo_op=wrapped_slice.56#",PushPop,8269884,3720711,1350,6125.8,5088.0,4320,1162819,32241.3,1350,1.0,3.0,0.0
"TSL:Thunk:#name=jit(_run_forecast_operational_jit)/while/body/closed_call/while/body/closed_call,hlo_op=loop_divide_fusion#",PushPop,8073080,17529150,5400,1495.0,1344.0,1312,415808,5644.8,5400,1.0,3.0,0.0
"TSL:Thunk:#name=jit(_run_forecast_operational_jit)/while/body/closed_call/while/body/closed_call/slice,hlo_op=wrapped_slice.64#",PushPop,6983951,6235416,2700,2586.6,2592.0,2528,7648,133.8,2700,1.0,3.0,0.0
TSL:XlaModule:#hlo_module=loop_add_compare_divide_transpose_fusion#,PushPop,5375301,4230546,8,671912.6,671952.5,655136,687457,10850.7,12,1.5,0.0,1.0
TSL:Thunk:#hlo_op=loop_add_compare_divide_transpose_fusion#,PushPop,5320645,1081878,8,665080.6,664400.5,647969,687457,12075.7,8,1.0,1.0,0.0
"TSL:Thunk:#name=jit(_run_forecast_operational_jit)/while/body/closed_call,hlo_op=loop_add_fusion.7#",PushPop,4396889,4349400970,5400,814.2,800.0,736,4672,81.2,5400,1.0,3.0,0.0
"TSL:Thunk:#name=jit(_run_forecast_operational_jit)/while/body/closed_call,hlo_op=input_concatenate_fusion.35#",PushPop,3692862,1692124,270,13677.3,13632.0,12640,16448,509.2,270,1.0,2.0,0.0
"TSL:Thunk:#name=jit(_run_forecast_operational_jit)/while/body/closed_call/while/body/closed_call/slice,hlo_op=wrapped_slice.57#",PushPop,3483749,3914205,1350,2580.6,2560.0,2528,5024,78.3,1350,1.0,3.0,0.0
TSL:Thunk:#hlo_op=copy.5039#,PushPop,3202304,163460574,3600,889.5,800.0,736,299904,4985.5,3600,1.0,3.0,0.0
TSL:Thunk:#hlo_op=copy.5105#,PushPop,2162723,1403336,180,12015.1,4832.0,4224,1289954,95784.4,180,1.0,2.0,0.0
"TSL:Thunk:#name=jit(_run_forecast_operational_jit)/while/body/closed_call,hlo_op=input_concatenate_fusion.53#",PushPop,2146116,1269415,270,7948.6,7936.0,7552,9152,220.5,270,1.0,2.0,0.0
"TSL:Thunk:#name=jit(_run_forecast_operational_jit)/while/body/closed_call/while/body/closed_call/slice,hlo_op=wrapped_slice.62#",PushPop,2081669,6190124,2700,771.0,768.0,704,5280,99.4,2700,1.0,3.0,0.0
"TSL:Thunk:#name=jit(_run_forecast_operational_jit)/while/body/closed_call,hlo_op=input_concatenate_fusion.54#",PushPop,2051166,1738538,270,7596.9,7584.0,6560,9440,301.8,270,1.0,2.0,0.0
"TSL:Thunk:#name=jit(_run_forecast_operational_jit)/while/body/closed_call,hlo_op=input_transpose_fusion.78#",PushPop,1818642,2382866,270,6735.7,6720.0,6303,11136,345.6,270,1.0,2.0,0.0
TSL:XlaModule:#hlo_module=input_transpose_fusion.66#,PushPop,1725730,1242790,8,215716.3,205536.5,198112,257985,22673.1,12,1.5,0.0,1.0
TSL:Thunk:#hlo_op=input_transpose_fusion.66#,PushPop,1685858,49510,8,210732.3,202480.5,198112,239585,17649.2,8,1.0,1.0,0.0
TSL:XlaModule:#hlo_module=input_multiply_transpose_fusion#,PushPop,1515811,1089407,8,189476.4,192288.0,137760,239488,42896.6,12,1.5,0.0,1.0
TSL:Thunk:#hlo_op=input_multiply_transpose_fusion#,PushPop,1457283,50690,8,182160.4,183904.5,137760,223489,43481.6,8,1.0,1.0,0.0
TSL:Thunk:#hlo_op=copy.5044#,PushPop,1440287,85132517,1800,800.2,800.0,736,1344,64.7,1800,1.0,3.0,0.0
TSL:XlaModule:#hlo_module=loop_select_fusion.19#,PushPop,1412418,1255002,8,176552.3,176545.0,167584,192096,7555.1,12,1.5,0.0,1.0
TSL:Thunk:#hlo_op=loop_select_fusion.19#,PushPop,1366594,61292,8,170824.3,167584.0,165376,178304,5845.8,8,1.0,1.0,0.0
TSL:XlaModule:#hlo_module=loop_multiply_fusion.18#,PushPop,1307171,973320,12,108930.9,92960.0,84512,220449,38219.1,18,1.5,0.0,1.0
TSL:XlaModule:#hlo_module=loop_add_multiply_fusion#,PushPop,1292227,934408,8,161528.4,158864.5,154912,174177,7090.6,12,1.5,0.0,1.0
TSL:Thunk:#hlo_op=loop_add_multiply_fusion#,PushPop,1245635,49660,8,155704.4,155376.5,154912,157217,798.0,8,1.0,1.0,0.0
TSL:XlaModule:#hlo_module=loop_multiply_fusion.19#,PushPop,1162434,846985,12,96869.5,92128.0,82528,121504,14647.6,18,1.5,0.0,1.0
TSL:XlaModule:#hlo_module=loop_transpose_fusion.7#,PushPop,1147105,890816,8,143388.1,143376.0,132384,152833,6134.9,12,1.5,0.0,1.0
TSL:Thunk:#hlo_op=loop_multiply_fusion.18#,PushPop,1133410,42881,12,94450.8,84848.5,84512,114593,14430.2,12,1.0,1.0,0.0
TSL:Thunk:#hlo_op=loop_multiply_fusion.19#,PushPop,1105249,44590,12,92104.1,82624.0,82528,111936,14041.6,12,1.0,1.0,0.0
TSL:Thunk:#hlo_op=loop_transpose_fusion.7#,PushPop,1095105,52230,8,136888.1,134704.5,131936,143424,5221.4,8,1.0,1.0,0.0
"TSL:Thunk:#name=jit(_run_forecast_operational_jit)/while/body/closed_call/while/body/closed_call/slice,hlo_op=wrapped_slice.55#",PushPop,1047783,18901380,1350,776.1,768.0,736,6528,170.1,1350,1.0,3.0,0.0
TSL:XlaModule:#hlo_module=loop_transpose_fusion.3#,PushPop,982690,1233119,8,122836.3,122672.0,118336,128544,4184.7,12,1.5,0.0,1.0
TSL:Thunk:#hlo_op=loop_transpose_fusion.3#,PushPop,949858,44030,8,118732.3,118480.5,118336,119360,422.5,8,1.0,1.0,0.0
TSL:XlaModule:#hlo_module=input_transpose_fusion.43#,PushPop,817505,677446,8,102188.1,101264.5,94496,115744,6603.2,12,1.5,0.0,1.0
TSL:XlaModule:#hlo_module=loop_add_pad_fusion#,PushPop,799809,710167,8,99976.1,96432.5,93632,111200,6956.5,12,1.5,0.0,1.0
TSL:Thunk:#hlo_op=copy.5042#,PushPop,792256,7334210,180,4401.4,2880.0,2752,11648,3069.2,180,1.0,3.0,0.0
TSL:Thunk:#hlo_op=input_transpose_fusion.43#,PushPop,774209,45180,8,96776.1,97856.0,91424,100513,3935.2,8,1.0,1.0,0.0
"TSL:Thunk:#name=jit(_run_forecast_operational_jit)/while/body/closed_call/while/body/closed_call/slice,hlo_op=wrapped_slice.50#",PushPop,767431,1015113,270,2842.3,2847.0,2688,4320,111.4,270,1.0,2.0,0.0
TSL:Thunk:#hlo_op=loop_add_pad_fusion#,PushPop,750753,54811,8,93844.1,93696.0,92992,94945,768.2,8,1.0,1.0,0.0
TSL:XlaModule:#hlo_module=loop_power_fusion#,PushPop,739488,3602559,8,92436.0,87872.0,84128,105408,8616.7,12,1.5,0.0,1.0
TSL:XlaModule:#hlo_module=loop_dynamic_update_slice_fusion.130#,PushPop,686560,768976,8,85820.0,84800.0,79680,96352,6169.8,20,2.5,0.0,2.0
TSL:Thunk:#hlo_op=loop_power_fusion#,PushPop,680512,66570,8,85064.0,84512.0,84128,86816,1010.6,8,1.0,1.0,0.0
TSL:XlaModule:#hlo_module=input_add_transpose_fusion.2#,PushPop,592768,531505,8,74096.0,75360.0,55232,93088,14699.8,12,1.5,0.0,1.0
TSL:Thunk:#hlo_op=loop_dynamic_update_slice_fusion.130#,PushPop,583072,32040,8,72884.0,71872.0,70976,75456,1891.1,8,1.0,1.0,0.0
TSL:Thunk:#hlo_op=input_add_transpose_fusion.2#,PushPop,560448,41110,8,70056.0,72496.0,53984,82496,13496.9,8,1.0,1.0,0.0
TSL:XlaModule:#hlo_module=loop_divide_transpose_fusion#,PushPop,523681,575056,8,65460.1,64928.0,59009,77312,5998.3,12,1.5,0.0,1.0
TSL:XlaModule:#hlo_module=loop_dynamic_update_slice_fusion.128#,PushPop,506720,513074,8,63340.0,64160.0,54336,70912,5584.1,20,2.5,0.0,2.0
TSL:Thunk:#hlo_op=loop_divide_transpose_fusion#,PushPop,484737,45130,8,60592.1,59552.5,57216,67232,3158.2,8,1.0,1.0,0.0
TSL:Thunk:#hlo_op=copy.4953#,PushPop,483009,902066,180,2683.4,2656.0,2592,4480,186.1,180,1.0,2.0,0.0
TSL:XlaModule:#hlo_module=loop_dynamic_update_slice_fusion.129#,PushPop,462305,504054,8,57788.1,55376.0,47712,77760,9362.9,20,2.5,0.0,2.0
TSL:Thunk:#hlo_op=copy.5110#,PushPop,427808,503838,90,4753.4,4768.0,4512,5344,197.3,90,1.0,2.0,0.0
TSL:Thunk:#hlo_op=loop_dynamic_update_slice_fusion.128#,PushPop,425344,30200,8,53168.0,51584.0,50880,58848,3299.7,8,1.0,1.0,0.0
TSL:XlaModule:#hlo_module=loop_slice_fusion.43#,PushPop,402752,438044,8,50344.0,47920.0,43680,61632,6992.1,12,1.5,0.0,1.0
TSL:Thunk:#hlo_op=loop_dynamic_update_slice_fusion.129#,PushPop,371265,29660,8,46408.1,44896.0,44320,51040,2815.6,8,1.0,1.0,0.0
TSL:Thunk:#hlo_op=loop_slice_fusion.43#,PushPop,352480,49950,8,44060.0,43760.0,43616,44800,504.1,8,1.0,1.0,0.0
TSL:XlaModule:#hlo_module=input_transpose_fusion.65#,PushPop,351201,326182,8,43900.1,44432.0,30496,54784,7370.2,12,1.5,0.0,1.0
"TSL:Thunk:#name=jit(_run_forecast_operational_jit)/while/body/closed_call,hlo_op=loop_dynamic_update_slice_fusion.300#",PushPop,344320,1765549,270,1275.3,1280.0,1120,1984,85.7,270,1.0,2.0,0.0
"TSL:Thunk:#name=jit(_run_forecast_operational_jit)/while/body/closed_call,hlo_op=loop_dynamic_update_slice_fusion.312#",PushPop,340480,1511190,270,1261.0,1248.0,1088,1824,96.0,270,1.0,2.0,0.0
TSL:XlaModule:#hlo_module=loop_transpose_fusion.5#,PushPop,330337,475343,12,27528.1,26352.0,19168,38305,6595.1,18,1.5,0.0,1.0
TSL:XlaModule:#hlo_module=input_transpose_fusion.38#,PushPop,320672,414411,8,40084.0,39760.0,30592,50656,7169.7,12,1.5,0.0,1.0
TSL:Thunk:#hlo_op=input_transpose_fusion.65#,PushPop,309505,37180,8,38688.1,37280.0,30368,54784,8796.6,8,1.0,1.0,0.0
TSL:XlaModule:#hlo_module=input_transpose_fusion.47#,PushPop,279808,331203,8,34976.0,34944.0,25600,43040,6847.0,12,1.5,0.0,1.0
TSL:Thunk:#hlo_op=input_transpose_fusion.38#,PushPop,277792,45630,8,34724.0,34192.0,30592,40736,4376.8,8,1.0,1.0,0.0
TSL:XlaModule:#hlo_module=loop_divide_subtract_fusion#,PushPop,277120,394641,12,23093.3,21712.0,15648,31008,5334.3,18,1.5,0.0,1.0
TSL:Thunk:#hlo_op=loop_transpose_fusion.5#,PushPop,272352,56850,12,22696.0,20512.0,19136,31328,4471.1,12,1.0,1.0,0.0
TSL:XlaModule:#hlo_module=input_transpose_fusion.112#,PushPop,272320,342134,8,34040.0,36080.0,24608,42656,6571.0,12,1.5,0.0,1.0
TSL:Thunk:#hlo_op=copy.5047#,PushPop,255713,1369290,90,2841.3,2784.0,2720,4608,246.2,90,1.0,3.0,0.0
TSL:XlaModule:#hlo_module=input_transpose_fusion.53#,PushPop,250624,389441,8,31328.0,30960.0,19904,41728,8175.2,12,1.5,0.0,1.0
TSL:Thunk:#hlo_op=input_transpose_fusion.47#,PushPop,244896,39800,8,30612.0,26816.0,25504,42080,6590.3,8,1.0,1.0,0.0
TSL:XlaModule:#hlo_module=input_transpose_fusion.70#,PushPop,240480,346413,8,30060.0,32416.0,20416,38048,6846.6,12,1.5,0.0,1.0
TSL:Thunk:#hlo_op=copy.4958#,PushPop,239584,372266,90,2662.0,2656.0,2592,2752,34.2,90,1.0,2.0,0.0
TSL:XlaModule:#hlo_module=loop_add_compare_divide_fusion#,PushPop,238016,326761,8,29752.0,25424.0,21376,57472,11742.8,12,1.5,0.0,1.0
"TSL:Thunk:#name=jit(_run_forecast_operational_jit)/while/body/closed_call,hlo_op=loop_dynamic_update_slice_fusion.323#",PushPop,234752,993103,270,869.5,832.0,768,6048,324.9,270,1.0,2.0,0.0
TSL:Thunk:#hlo_op=loop_divide_subtract_fusion#,PushPop,234176,45610,12,19514.7,17696.0,15616,28096,4653.4,12,1.0,1.0,0.0
"TSL:Thunk:#name=jit(_run_forecast_operational_jit)/while/body/closed_call,hlo_op=loop_dynamic_update_slice_fusion.347#",PushPop,234016,1072902,270,866.7,864.0,768,1760,80.5,270,1.0,2.0,0.0
TSL:Thunk:#hlo_op=input_transpose_fusion.112#,PushPop,233984,37210,8,29248.0,27824.0,24544,36448,5266.9,8,1.0,1.0,0.0
"TSL:Thunk:#name=jit(_run_forecast_operational_jit)/while/body/closed_call,hlo_op=loop_dynamic_update_slice_fusion.297#",PushPop,233249,951239,270,863.9,864.0,768,1088,49.2,270,1.0,2.0,0.0
"TSL:Thunk:#name=jit(_run_forecast_operational_jit)/while/body/closed_call,hlo_op=loop_dynamic_update_slice_fusion.295#",PushPop,232608,962023,270,861.5,864.0,768,1152,60.7,270,1.0,2.0,0.0
"TSL:Thunk:#name=jit(_run_forecast_operational_jit)/while/body/closed_call,hlo_op=loop_dynamic_update_slice_fusion.298#",PushPop,229728,977929,270,850.8,832.0,768,1120,60.2,270,1.0,2.0,0.0
"TSL:Thunk:#name=jit(_run_forecast_operational_jit)/while/body/closed_call,hlo_op=loop_dynamic_update_slice_fusion.302#",PushPop,227328,2893822,270,842.0,800.0,768,1824,97.7,270,1.0,2.0,0.0
"TSL:Thunk:#name=jit(_run_forecast_operational_jit)/while/body/closed_call,hlo_op=loop_dynamic_update_slice_fusion.334#",PushPop,226880,3011978,270,840.3,800.0,736,2272,141.2,270,1.0,2.0,0.0
"TSL:Thunk:#name=jit(_run_forecast_operational_jit)/while/body/closed_call,hlo_op=loop_dynamic_update_slice_fusion.329#",PushPop,224001,977846,270,829.6,800.0,736,1280,74.8,270,1.0,2.0,0.0
"TSL:Thunk:#name=jit(_run_forecast_operational_jit)/while/body/closed_call,hlo_op=loop_dynamic_update_slice_fusion.306#",PushPop,223488,2254210,270,827.7,800.0,768,1184,72.7,270,1.0,2.0,0.0
"TSL:Thunk:#name=jit(_run_forecast_operational_jit)/while/body/closed_call,hlo_op=loop_dynamic_update_slice_fusion.322#",PushPop,221824,5047491,270,821.6,800.0,736,1312,72.6,270,1.0,2.0,0.0
TSL:XlaModule:#hlo_module=loop_pad_fusion#,PushPop,220352,292674,8,27544.0,25184.0,23264,40224,6052.7,12,1.5,0.0,1.0
"TSL:Thunk:#name=jit(_run_forecast_operational_jit)/while/body/closed_call,hlo_op=loop_dynamic_update_slice_fusion.307#",PushPop,219840,1019723,270,814.2,800.0,768,1312,49.4,270,1.0,2.0,0.0
"TSL:Thunk:#name=jit(_run_forecast_operational_jit)/while/body/closed_call,hlo_op=loop_dynamic_update_slice_fusion.311#",PushPop,218048,2228955,270,807.6,800.0,768,1888,72.1,270,1.0,2.0,0.0
"TSL:Thunk:#name=jit(_run_forecast_operational_jit)/while/body/closed_call,hlo_op=loop_dynamic_update_slice_fusion.291#",PushPop,217536,944567,270,805.7,800.0,768,2080,101.3,270,1.0,2.0,0.0
"TSL:Thunk:#name=jit(_run_forecast_operational_jit)/while/body/closed_call,hlo_op=loop_dynamic_update_slice_fusion.321#",PushPop,217472,4923412,270,805.5,800.0,736,1152,51.0,270,1.0,2.0,0.0
"TSL:Thunk:#name=jit(_run_forecast_operational_jit)/while/body/closed_call,hlo_op=loop_dynamic_update_slice_fusion.315#",PushPop,217440,8229563,270,805.3,800.0,736,1920,79.1,270,1.0,2.0,0.0
"TSL:Thunk:#name=jit(_run_forecast_operational_jit)/while/body/closed_call,hlo_op=loop_dynamic_update_slice_fusion.346#",PushPop,217312,967287,270,804.9,800.0,768,1280,36.4,270,1.0,2.0,0.0
"TSL:Thunk:#name=jit(_run_forecast_operational_jit)/while/body/closed_call,hlo_op=loop_dynamic_update_slice_fusion.308#",PushPop,217216,986829,270,804.5,800.0,768,1216,38.4,270,1.0,2.0,0.0
"TSL:Thunk:#name=jit(_run_forecast_operational_jit)/while/body/closed_call,hlo_op=loop_dynamic_update_slice_fusion.320#",PushPop,217185,20981731,270,804.4,800.0,768,2176,90.7,270,1.0,2.0,0.0
"TSL:Thunk:#name=jit(_run_forecast_operational_jit)/while/body/closed_call,hlo_op=loop_dynamic_update_slice_fusion.353#",PushPop,216832,1053641,270,803.1,800.0,768,1088,29.3,270,1.0,2.0,0.0
"TSL:Thunk:#name=jit(_run_forecast_operational_jit)/while/body/closed_call,hlo_op=loop_dynamic_update_slice_fusion.296#",PushPop,216352,937425,270,801.3,800.0,768,992,33.0,270,1.0,2.0,0.0
"TSL:Thunk:#name=jit(_run_forecast_operational_jit)/while/body/closed_call,hlo_op=loop_dynamic_update_slice_fusion.351#",PushPop,216064,967450,270,800.2,800.0,768,2240,106.0,270,1.0,2.0,0.0
"TSL:Thunk:#name=jit(_run_forecast_operational_jit)/while/body/closed_call,hlo_op=loop_dynamic_update_slice_fusion.289#",PushPop,215904,948377,270,799.6,800.0,768,832,17.8,270,1.0,2.0,0.0
"TSL:Thunk:#name=jit(_run_forecast_operational_jit)/while/body/closed_call,hlo_op=loop_dynamic_update_slice_fusion.271#",PushPop,215872,999012,270,799.5,800.0,768,832,24.4,270,1.0,2.0,0.0
"TSL:Thunk:#name=jit(_run_forecast_operational_jit)/while/body/closed_call,hlo_op=loop_dynamic_update_slice_fusion.284#",PushPop,215648,944575,270,798.7,800.0,768,896,21.1,270,1.0,2.0,0.0
"TSL:Thunk:#name=jit(_run_forecast_operational_jit)/while/body/closed_call,hlo_op=loop_dynamic_update_slice_fusion.274#",PushPop,215488,933360,270,798.1,800.0,768,864,18.6,270,1.0,2.0,0.0
"TSL:Thunk:#name=jit(_run_forecast_operational_jit)/while/body/closed_call,hlo_op=loop_dynamic_update_slice_fusion.339#",PushPop,215297,943057,270,797.4,800.0,768,1824,69.5,270,1.0,2.0,0.0
"TSL:Thunk:#name=jit(_run_forecast_operational_jit)/while/body/closed_call,hlo_op=loop_dynamic_update_slice_fusion.345#",PushPop,215296,4044220,270,797.4,800.0,768,1088,31.5,270,1.0,2.0,0.0
"TSL:Thunk:#name=jit(_run_forecast_operational_jit)/while/body/closed_call,hlo_op=loop_dynamic_update_slice_fusion.336#",PushPop,215136,1014864,270,796.8,800.0,768,1088,31.1,270,1.0,2.0,0.0
"TSL:Thunk:#name=jit(_run_forecast_operational_jit)/while/body/closed_call,hlo_op=loop_dynamic_update_slice_fusion.280#",PushPop,214880,931896,270,795.9,800.0,768,832,16.8,270,1.0,2.0,0.0
"TSL:Thunk:#name=jit(_run_forecast_operational_jit)/while/body/closed_call,hlo_op=loop_dynamic_update_slice_fusion.301#",PushPop,214784,35299141,270,795.5,800.0,768,1792,72.3,270,1.0,2.0,0.0
"TSL:Thunk:#name=jit(_run_forecast_operational_jit)/while/body/closed_call,hlo_op=loop_dynamic_update_slice_fusion.309#",PushPop,214593,1247569,270,794.8,768.0,736,1088,43.1,270,1.0,2.0,0.0
"TSL:Thunk:#name=jit(_run_forecast_operational_jit)/while/body/closed_call,hlo_op=loop_dynamic_update_slice_fusion.348#",PushPop,214529,933846,270,794.6,800.0,768,832,24.4,270,1.0,2.0,0.0
"TSL:Thunk:#name=jit(_run_forecast_operational_jit)/while/body/closed_call,hlo_op=loop_dynamic_update_slice_fusion.318#",PushPop,214432,6622646,270,794.2,800.0,736,1824,78.0,270,1.0,2.0,0.0
"TSL:Thunk:#name=jit(_run_forecast_operational_jit)/while/body/closed_call,hlo_op=loop_dynamic_update_slice_fusion.352#",PushPop,214400,4510314,270,794.1,800.0,768,2016,79.2,270,1.0,2.0,0.0
"TSL:Thunk:#name=jit(_run_forecast_operational_jit)/while/body/closed_call,hlo_op=loop_dynamic_update_slice_fusion.278#",PushPop,214017,919576,270,792.7,800.0,768,832,18.5,270,1.0,2.0,0.0
"TSL:Thunk:#name=jit(_run_forecast_operational_jit)/while/body/closed_call,hlo_op=loop_dynamic_update_slice_fusion.290#",PushPop,213985,934937,270,792.5,800.0,768,896,23.1,270,1.0,2.0,0.0
"TSL:Thunk:#name=jit(_run_forecast_operational_jit)/while/body/closed_call,hlo_op=loop_dynamic_update_slice_fusion.327#",PushPop,213952,1217183,270,792.4,768.0,736,1600,74.0,270,1.0,2.0,0.0
"TSL:Thunk:#name=jit(_run_forecast_operational_jit)/while/body/closed_call,hlo_op=loop_dynamic_update_slice_fusion.286#",PushPop,213728,953168,270,791.6,800.0,768,896,21.6,270,1.0,2.0,0.0
"TSL:Thunk:#name=jit(_run_forecast_operational_jit)/while/body/closed_call,hlo_op=loop_dynamic_update_slice_fusion.317#",PushPop,213696,8079641,270,791.5,768.0,736,2272,96.5,270,1.0,2.0,0.0
"TSL:Thunk:#name=jit(_run_forecast_operational_jit)/while/body/closed_call,hlo_op=loop_dynamic_update_slice_fusion.277#",PushPop,213632,900060,270,791.2,800.0,736,1888,69.9,270,1.0,2.0,0.0
"TSL:Thunk:#name=jit(_run_forecast_operational_jit)/while/body/closed_call,hlo_op=loop_dynamic_update_slice_fusion.285#",PushPop,213600,891515,270,791.1,800.0,768,832,17.0,270,1.0,2.0,0.0
"TSL:Thunk:#name=jit(_run_forecast_operational_jit)/while/body/closed_call,hlo_op=loop_dynamic_update_slice_fusion.333#",PushPop,213504,1100490,270,790.8,800.0,768,1184,34.9,270,1.0,2.0,0.0
"TSL:Thunk:#name=jit(_run_forecast_operational_jit)/while/body/closed_call,hlo_op=loop_dynamic_update_slice_fusion.325#",PushPop,213472,963467,270,790.6,800.0,768,832,19.3,270,1.0,2.0,0.0
"TSL:Thunk:#name=jit(_run_forecast_operational_jit)/while/body/closed_call,hlo_op=loop_dynamic_update_slice_fusion.324#",PushPop,213440,962151,270,790.5,800.0,736,1152,31.6,270,1.0,2.0,0.0
"TSL:Thunk:#name=jit(_run_forecast_operational_jit)/while/body/closed_call,hlo_op=loop_dynamic_update_slice_fusion.281#",PushPop,213184,1876525,270,789.6,800.0,768,864,17.8,270,1.0,2.0,0.0
"TSL:Thunk:#name=jit(_run_forecast_operational_jit)/while/body/closed_call,hlo_op=loop_dynamic_update_slice_fusion.294#",PushPop,213088,981778,270,789.2,800.0,736,1024,29.0,270,1.0,2.0,0.0
"TSL:Thunk:#name=jit(_run_forecast_operational_jit)/while/body/closed_call,hlo_op=loop_dynamic_update_slice_fusion.340#",PushPop,213056,929027,270,789.1,800.0,768,832,19.4,270,1.0,2.0,0.0
"TSL:Thunk:#name=jit(_run_forecast_operational_jit)/while/body/closed_call,hlo_op=loop_dynamic_update_slice_fusion.288#",PushPop,212992,1026205,270,788.9,800.0,736,864,22.0,270,1.0,2.0,0.0
"TSL:Thunk:#name=jit(_run_forecast_operational_jit)/while/body/closed_call,hlo_op=loop_dynamic_update_slice_fusion.343#",PushPop,212992,1002816,270,788.9,800.0,736,1056,27.3,270,1.0,2.0,0.0
"TSL:Thunk:#name=jit(_run_forecast_operational_jit)/while/body/closed_call,hlo_op=loop_dynamic_update_slice_fusion.331#",PushPop,212896,904533,270,788.5,800.0,768,864,21.7,270,1.0,2.0,0.0
"TSL:Thunk:#name=jit(_run_forecast_operational_jit)/while/body/closed_call,hlo_op=loop_dynamic_update_slice_fusion.310#",PushPop,212864,13587860,270,788.4,800.0,736,1088,30.9,270,1.0,2.0,0.0
"TSL:Thunk:#name=jit(_run_forecast_operational_jit)/while/body/closed_call,hlo_op=loop_dynamic_update_slice_fusion.283#",PushPop,212832,1781918,270,788.3,800.0,768,864,18.0,270,1.0,2.0,0.0
"TSL:Thunk:#name=jit(_run_forecast_operational_jit)/while/body/closed_call,hlo_op=loop_dynamic_update_slice_fusion.303#",PushPop,212769,984568,270,788.0,768.0,736,2880,129.1,270,1.0,2.0,0.0
"TSL:Thunk:#name=jit(_run_forecast_operational_jit)/while/body/closed_call,hlo_op=loop_dynamic_update_slice_fusion.279#",PushPop,212768,932527,270,788.0,800.0,768,832,19.4,270,1.0,2.0,0.0
"TSL:Thunk:#name=jit(_run_forecast_operational_jit)/while/body/closed_call,hlo_op=loop_dynamic_update_slice_fusion.313#",PushPop,212768,958990,270,788.0,768.0,736,1760,68.2,270,1.0,2.0,0.0
"TSL:Thunk:#name=jit(_run_forecast_operational_jit)/while/body/closed_call,hlo_op=loop_dynamic_update_slice_fusion.342#",PushPop,212768,943446,270,788.0,800.0,736,832,19.4,270,1.0,2.0,0.0
"TSL:Thunk:#name=jit(_run_forecast_operational_jit)/while/body/closed_call,hlo_op=loop_dynamic_update_slice_fusion.276#",PushPop,212736,944736,270,787.9,800.0,768,864,20.0,270,1.0,2.0,0.0
"TSL:Thunk:#name=jit(_run_forecast_operational_jit)/while/body/closed_call,hlo_op=loop_dynamic_update_slice_fusion.349#",PushPop,212705,3468389,270,787.8,800.0,736,1024,28.7,270,1.0,2.0,0.0
"TSL:Thunk:#name=jit(_run_forecast_operational_jit)/while/body/closed_call,hlo_op=loop_dynamic_update_slice_fusion.337#",PushPop,212608,6273701,270,787.4,800.0,736,1088,32.3,270,1.0,2.0,0.0
"TSL:Thunk:#name=jit(_run_forecast_operational_jit)/while/body/closed_call,hlo_op=loop_dynamic_update_slice_fusion.293#",PushPop,212385,945025,270,786.6,800.0,736,832,21.7,270,1.0,2.0,0.0
"TSL:Thunk:#name=jit(_run_forecast_operational_jit)/while/body/closed_call,hlo_op=loop_dynamic_update_slice_fusion.338#",PushPop,212256,946538,270,786.1,768.0,736,1088,33.8,270,1.0,2.0,0.0
"TSL:Thunk:#name=jit(_run_forecast_operational_jit)/while/body/closed_call,hlo_op=loop_dynamic_update_slice_fusion.330#",PushPop,212224,955298,270,786.0,768.0,768,832,19.7,270,1.0,2.0,0.0
"TSL:Thunk:#name=jit(_run_forecast_operational_jit)/while/body/closed_call,hlo_op=loop_dynamic_update_slice_fusion.299#",PushPop,212129,7576398,270,785.7,768.0,736,1184,40.7,270,1.0,2.0,0.0
"TSL:Thunk:#name=jit(_run_forecast_operational_jit)/while/body/closed_call,hlo_op=loop_dynamic_update_slice_fusion.328#",PushPop,212128,3802631,270,785.7,768.0,736,1184,48.4,270,1.0,2.0,0.0
"TSL:Thunk:#name=jit(_run_forecast_operational_jit)/while/body/closed_call,hlo_op=loop_dynamic_update_slice_fusion.305#",PushPop,212064,13246228,270,785.4,768.0,736,1152,35.1,270,1.0,2.0,0.0
"TSL:Thunk:#name=jit(_run_forecast_operational_jit)/while/body/closed_call,hlo_op=loop_dynamic_update_slice_fusion.354#",PushPop,212032,1012324,270,785.3,768.0,736,1792,69.8,270,1.0,2.0,0.0
"TSL:Thunk:#name=jit(_run_forecast_operational_jit)/while/body/closed_call,hlo_op=loop_dynamic_update_slice_fusion.344#",PushPop,211776,948411,270,784.4,768.0,736,928,25.7,270,1.0,2.0,0.0
"TSL:Thunk:#name=jit(_run_forecast_operational_jit)/while/body/closed_call,hlo_op=loop_dynamic_update_slice_fusion.292#",PushPop,211585,953079,270,783.6,768.0,736,896,19.7,270,1.0,2.0,0.0
"TSL:Thunk:#name=jit(_run_forecast_operational_jit)/while/body/closed_call,hlo_op=loop_dynamic_update_slice_fusion.304#",PushPop,211552,905427,270,783.5,768.0,736,832,19.1,270,1.0,2.0,0.0
"TSL:Thunk:#name=jit(_run_forecast_operational_jit)/while/body/closed_call,hlo_op=loop_dynamic_update_slice_fusion.326#",PushPop,211520,1053479,270,783.4,768.0,736,1184,36.4,270,1.0,2.0,0.0
"TSL:Thunk:#name=jit(_run_forecast_operational_jit)/while/body/closed_call,hlo_op=loop_dynamic_update_slice_fusion.332#",PushPop,211424,11585171,270,783.1,768.0,736,2368,103.6,270,1.0,2.0,0.0
TSL:Thunk:#hlo_op=input_transpose_fusion.70#,PushPop,211392,44022,8,26424.0,25072.0,20192,35200,6684.4,8,1.0,1.0,0.0
"TSL:Thunk:#name=jit(_run_forecast_operational_jit)/while/body/closed_call,hlo_op=loop_dynamic_update_slice_fusion.314#",PushPop,211296,1027547,270,782.6,768.0,736,1344,53.3,270,1.0,2.0,0.0
"TSL:Thunk:#name=jit(_run_forecast_operational_jit)/while/body/closed_call,hlo_op=loop_dynamic_update_slice_fusion.350#",PushPop,211201,988538,270,782.2,768.0,736,1120,29.9,270,1.0,2.0,0.0
"TSL:Thunk:#name=jit(_run_forecast_operational_jit)/while/body/closed_call,hlo_op=loop_dynamic_update_slice_fusion.282#",PushPop,211040,968805,270,781.6,768.0,736,832,20.5,270,1.0,2.0,0.0
"TSL:Thunk:#name=jit(_run_forecast_operational_jit)/while/body/closed_call,hlo_op=loop_dynamic_update_slice_fusion.319#",PushPop,210945,922047,270,781.3,768.0,736,864,20.4,270,1.0,2.0,0.0
"TSL:Thunk:#name=jit(_run_forecast_operational_jit)/while/body/closed_call,hlo_op=loop_dynamic_update_slice_fusion.275#",PushPop,210880,924019,270,781.0,768.0,736,832,16.9,270,1.0,2.0,0.0
TSL:XlaModule:#hlo_module=loop_multiply_fusion.16#,PushPop,210752,465254,8,26344.0,22928.0,18944,37824,7618.9,12,1.5,0.0,1.0
"TSL:Thunk:#name=jit(_run_forecast_operational_jit)/while/body/closed_call,hlo_op=loop_dynamic_update_slice_fusion.341#",PushPop,210688,5123128,270,780.3,768.0,736,992,25.6,270,1.0,2.0,0.0
"TSL:Thunk:#name=jit(_run_forecast_operational_jit)/while/body/closed_call,hlo_op=loop_dynamic_update_slice_fusion.335#",PushPop,209825,1143707,270,777.1,768.0,736,832,23.2,270,1.0,2.0,0.0
"TSL:Thunk:#name=jit(_run_forecast_operational_jit)/while/body/closed_call,hlo_op=loop_dynamic_update_slice_fusion.272#",PushPop,209536,924802,270,776.1,768.0,736,800,19.6,270,1.0,2.0,0.0
"TSL:Thunk:#name=jit(_run_forecast_operational_jit)/while/body/closed_call,hlo_op=loop_dynamic_update_slice_fusion.287#",PushPop,209536,924632,270,776.1,768.0,736,864,22.8,270,1.0,2.0,0.0
"TSL:Thunk:#name=jit(_run_forecast_operational_jit)/while/body/closed_call,hlo_op=loop_dynamic_update_slice_fusion.316#",PushPop,209248,954382,270,775.0,768.0,736,1824,67.1,270,1.0,2.0,0.0
"TSL:Thunk:#name=jit(_run_forecast_operational_jit)/while/body/closed_call,hlo_op=loop_dynamic_update_slice_fusion.273#",PushPop,208352,900909,270,771.7,768.0,736,800,21.0,270,1.0,2.0,0.0
"TSL:Thunk:#name=jit(_run_forecast_operational_jit)/while/body/closed_call/while/body/closed_call/slice,hlo_op=wrapped_slice.49#",PushPop,207008,4000837,270,766.7,768.0,736,960,32.9,270,1.0,2.0,0.0
TSL:Thunk:#hlo_op=input_transpose_fusion.53#,PushPop,198944,46370,8,24868.0,24784.0,19744,31104,4954.0,8,1.0,1.0,0.0
TSL:XlaModule:#hlo_module=loop_add_fusion.35#,PushPop,198944,302592,8,24868.0,24800.0,17824,30336,4513.8,12,1.5,0.0,1.0
TSL:XlaModule:#hlo_module=input_add_fusion#,PushPop,192992,260051,8,24124.0,25680.0,18272,28096,3727.0,12,1.5,0.0,1.0
TSL:XlaModule:#hlo_module=loop_divide_slice_fusion.2#,PushPop,192288,378851,8,24036.0,22336.0,15168,32576,6504.9,12,1.5,0.0,1.0
TSL:Thunk:#hlo_op=loop_pad_fusion#,PushPop,187872,26190,8,23484.0,23504.0,23264,23776,153.4,8,1.0,1.0,0.0
TSL:Thunk:#hlo_op=loop_add_compare_divide_fusion#,PushPop,181728,32640,8,22716.0,22912.0,21376,24256,1129.0,8,1.0,1.0,0.0
TSL:XlaModule:#hlo_module=input_transpose_fusion.83#,PushPop,181057,346652,8,22632.1,20576.0,15392,32640,6919.5,12,1.5,0.0,1.0
"TSL:Thunk:#name=jit(_run_forecast_operational_jit)/while/body/closed_call/jit(step_thompson_column_with_precip)/iota,hlo_op=wrapped_iota.2#",PushPop,169088,1023683,270,626.3,608.0,576,1568,60.2,270,1.0,2.0,0.0
TSL:Thunk:#hlo_op=input_add_fusion#,PushPop,161024,23740,8,20128.0,18288.0,18240,25760,3427.1,8,1.0,1.0,0.0
TSL:XlaModule:#hlo_module=loop_dynamic_update_slice_fusion.121#,PushPop,160608,393404,8,20076.0,21216.0,6496,29440,7943.3,20,2.5,0.0,2.0
TSL:Thunk:#hlo_op=loop_add_fusion.35#,PushPop,158560,37540,8,19820.0,18112.0,17824,24832,3100.4,8,1.0,1.0,0.0
TSL:Thunk:#hlo_op=loop_multiply_fusion.16#,PushPop,156736,67380,8,19592.0,18992.0,18624,22400,1278.7,8,1.0,1.0,0.0
TSL:XlaModule:#hlo_module=loop_add_fusion.33#,PushPop,151360,363684,8,18920.0,13888.0,11584,33888,8896.2,12,1.5,0.0,1.0
TSL:Thunk:#hlo_op=copy.1#,PushPop,149504,2163461,182,821.5,800.0,736,1696,131.1,182,1.0,1.0,0.0
TSL:Thunk:#hlo_op=copy.5103#,PushPop,143936,1640063,180,799.6,800.0,768,1152,40.6,180,1.0,2.0,0.0
TSL:Thunk:#hlo_op=copy.4951#,PushPop,143681,658544,180,798.2,800.0,768,960,24.6,180,1.0,2.0,0.0
TSL:Thunk:#hlo_op=copy.4952#,PushPop,141216,680398,180,784.5,768.0,736,1024,32.0,180,1.0,2.0,0.0
TSL:Thunk:#hlo_op=loop_divide_slice_fusion.2#,PushPop,135168,63600,8,16896.0,15168.0,15136,20608,2431.9,8,1.0,1.0,0.0
TSL:Thunk:#hlo_op=input_transpose_fusion.83#,PushPop,134881,53661,8,16860.1,17472.0,15072,17633,1037.2,8,1.0,1.0,0.0
TSL:XlaModule:#hlo_module=input_transpose_fusion.76#,PushPop,131936,256202,8,16492.0,14992.0,11392,27296,5973.3,12,1.5,0.0,1.0
TSL:XlaModule:#hlo_module=input_transpose_fusion.105#,PushPop,131136,245833,8,16392.0,18576.0,7808,23232,5978.1,12,1.5,0.0,1.0
TSL:XlaModule:#hlo_module=loop_add_subtract_transpose_fusion.1#,PushPop,129504,217981,8,16188.0,16912.0,9536,24096,4724.3,12,1.5,0.0,1.0
"TSL:Thunk:#name=jit(broadcast_in_dim)/broadcast_in_dim,hlo_op=wrapped_broadcast#",PushPop,118048,676544,99,1192.4,1024.0,640,2752,566.7,99,1.0,1.0,0.0
TSL:Thunk:#hlo_op=copy#,PushPop,112563,230980,32,3517.6,2800.0,2719,5440,1020.1,32,1.0,1.0,0.0
TSL:XlaModule:#hlo_module=input_transpose_fusion.39#,PushPop,107104,245712,8,13388.0,12128.0,8384,22016,4967.5,12,1.5,0.0,1.0
TSL:XlaModule:#hlo_module=input_transpose_fusion.56#,PushPop,103809,291452,8,12976.1,11792.0,6048,21217,6619.8,12,1.5,0.0,1.0
TSL:XlaModule:#hlo_module=input_transpose_fusion.109#,PushPop,101760,241001,8,12720.0,10704.0,8384,22112,4919.3,12,1.5,0.0,1.0
TSL:XlaModule:#hlo_module=input_transpose_fusion.94#,PushPop,100576,283052,8,12572.0,9632.0,6272,25248,6646.7,12,1.5,0.0,1.0
TSL:XlaModule:#hlo_module=input_transpose_fusion.67#,PushPop,99776,227462,8,12472.0,11072.0,4384,25344,7093.4,12,1.5,0.0,1.0
TSL:XlaModule:#hlo_module=loop_divide_multiply_slice_fusion.1#,PushPop,99168,351203,8,12396.0,12224.0,4608,20416,6560.9,12,1.5,0.0,1.0
TSL:XlaModule:#hlo_module=input_transpose_fusion.101#,PushPop,98112,242092,8,12264.0,9008.0,4608,27104,8986.7,12,1.5,0.0,1.0
TSL:Thunk:#hlo_op=loop_add_fusion.33#,PushPop,95584,60801,8,11948.0,11584.0,11552,12832,546.5,8,1.0,1.0,0.0
TSL:Thunk:#hlo_op=loop_add_subtract_transpose_fusion.1#,PushPop,93440,25470,8,11680.0,9552.0,9472,18208,3942.1,8,1.0,1.0,0.0
TSL:XlaModule:#hlo_module=input_transpose_fusion.59#,PushPop,93376,293301,8,11672.0,8928.0,6496,25024,6697.3,12,1.5,0.0,1.0
TSL:Thunk:#hlo_op=input_transpose_fusion.76#,PushPop,91552,33430,8,11444.0,11424.0,11360,11680,108.1,8,1.0,1.0,0.0
TSL:XlaModule:#hlo_module=loop_convert_multiply_subtract_fusion#,PushPop,90016,223903,8,11252.0,11216.0,4064,20736,4802.9,12,1.5,0.0,1.0
TSL:XlaModule:#hlo_module=input_transpose_fusion.71#,PushPop,89248,229241,8,11156.0,8288.0,5696,25600,6938.3,12,1.5,0.0,1.0
TSL:XlaModule:#hlo_module=loop_subtract_fusion.5#,PushPop,88865,353252,12,7405.4,5072.0,1440,17888,5258.8,18,1.5,0.0,1.0
TSL:Thunk:#hlo_op=input_transpose_fusion.105#,PushPop,87744,35510,8,10968.0,8256.0,7808,20160,5351.3,8,1.0,1.0,0.0
TSL:XlaModule:#hlo_module=loop_slice_fusion.36#,PushPop,85056,240751,8,10632.0,9824.0,6240,18464,3544.3,12,1.5,0.0,1.0
TSL:XlaModule:#hlo_module=input_transpose_fusion.89#,PushPop,81472,218112,8,10184.0,8368.0,5120,20256,5382.4,12,1.5,0.0,1.0
TSL:XlaModule:#hlo_module=loop_subtract_fusion.4#,PushPop,79936,321242,12,6661.3,3312.0,1024,16928,5777.8,18,1.5,0.0,1.0
TSL:XlaModule:#hlo_module=input_transpose_fusion.42#,PushPop,73216,210241,8,9152.0,7536.0,4224,20704,5746.4,12,1.5,0.0,1.0
TSL:Thunk:#hlo_op=input_transpose_fusion.109#,PushPop,72832,35271,8,9104.0,9040.0,8192,10048,654.9,8,1.0,1.0,0.0
TSL:Thunk:#hlo_op=input_transpose_fusion.39#,PushPop,72576,32010,8,9072.0,8944.0,8320,10048,761.5,8,1.0,1.0,0.0
TSL:Thunk:#hlo_op=copy.4957#,PushPop,70496,297541,90,783.3,768.0,736,832,19.3,90,1.0,2.0,0.0
TSL:Thunk:#hlo_op=copy.5108#,PushPop,70080,1093954,90,778.7,768.0,736,832,16.6,90,1.0,2.0,0.0
TSL:Thunk:#hlo_op=copy.4956#,PushPop,70015,397910,90,777.9,768.0,736,832,18.3,90,1.0,2.0,0.0
TSL:XlaModule:#hlo_module=loop_add_fusion.34#,PushPop,69024,216022,8,8628.0,6992.0,3488,19264,6027.6,12,1.5,0.0,1.0
TSL:XlaModule:#hlo_module=loop_subtract_fusion.3#,PushPop,67232,327911,12,5602.7,3936.0,864,16768,5005.7,18,1.5,0.0,1.0
TSL:XlaModule:#hlo_module=loop_subtract_fusion.2#,PushPop,66656,316752,12,5554.7,3840.0,832,17152,5170.6,18,1.5,0.0,1.0
TSL:Thunk:#hlo_op=input_transpose_fusion.94#,PushPop,62624,45130,8,7828.0,7712.0,6272,9600,1654.9,8,1.0,1.0,0.0
TSL:Thunk:#hlo_op=loop_slice_fusion.36#,PushPop,59712,34320,8,7464.0,6272.0,6240,10272,1712.5,8,1.0,1.0,0.0
TSL:Thunk:#hlo_op=input_transpose_fusion.56#,PushPop,58464,50820,8,7308.0,6464.0,6048,10272,1808.8,8,1.0,1.0,0.0
TSL:Thunk:#hlo_op=input_transpose_fusion.67#,PushPop,57408,34560,8,7176.0,7328.0,4352,9760,2210.2,8,1.0,1.0,0.0
"TSL:Thunk:#name=jit(convert_element_type)/convert_element_type,hlo_op=wrapped_convert#",PushPop,56320,220962,33,1706.7,1024.0,896,4448,1066.8,33,1.0,1.0,0.0
TSL:Thunk:#hlo_op=input_transpose_fusion.59#,PushPop,53120,40410,8,6640.0,6592.0,6496,6848,148.1,8,1.0,1.0,0.0
TSL:Thunk:#hlo_op=input_transpose_fusion.71#,PushPop,50848,36190,8,6356.0,6016.0,5696,7744,846.6,8,1.0,1.0,0.0
"TSL:XlaModule:#prefix=args[0],hlo_module=jit_convert_element_type,program_id=51#",PushPop,50016,888148,64,781.5,768.0,736,896,27.2,64,1.0,0.0,1.0
TSL:Thunk:#hlo_op=loop_convert_multiply_subtract_fusion#,PushPop,48704,33860,8,6088.0,4096.0,4032,10976,2873.1,8,1.0,1.0,0.0
TSL:Thunk:#hlo_op=input_transpose_fusion.89#,PushPop,47456,29090,8,5932.0,5920.0,5120,6784,835.0,8,1.0,1.0,0.0
TSL:Thunk:#hlo_op=loop_divide_multiply_slice_fusion.1#,PushPop,43968,62790,8,5496.0,4592.0,4544,7904,1334.6,8,1.0,1.0,0.0
TSL:Thunk:#hlo_op=input_transpose_fusion.101#,PushPop,41344,43070,8,5168.0,5264.0,4608,5472,327.7,8,1.0,1.0,0.0
TSL:Thunk:#hlo_op=input_transpose_fusion.42#,PushPop,37216,30390,8,4652.0,4304.0,4128,5568,602.8,8,1.0,1.0,0.0
"TSL:XlaModule:#hlo_module=jit_broadcast_in_dim,program_id=129#",PushPop,36384,262963,24,1516.0,1472.0,1376,1728,102.9,24,1.0,0.0,1.0
"TSL:XlaModule:#hlo_module=jit_scatter,program_id=67#",PushPop,35969,114051,3,11989.7,10912.0,8001,17056,4622.7,9,3.0,0.0,3.0
"TSL:XlaModule:#prefix=args[0],hlo_module=jit_convert_element_type,program_id=121#",PushPop,31200,734634,36,866.7,800.0,736,1696,213.4,36,1.0,0.0,1.0
"TSL:Thunk:#name=jit(add)/add,hlo_op=wrapped_add#",PushPop,28896,166821,21,1376.0,928.0,768,3680,978.3,21,1.0,1.0,0.0
TSL:Thunk:#hlo_op=loop_add_fusion.34#,PushPop,28192,26360,8,3524.0,3504.0,3488,3584,43.4,8,1.0,1.0,0.0
"TSL:Thunk:#name=jit(multiply)/mul,hlo_op=loop_multiply_fusion#",PushPop,27680,227051,30,922.7,800.0,768,2656,359.8,30,1.0,1.0,0.0
TSL:Thunk:#hlo_op=loop_subtract_fusion.5#,PushPop,27456,61640,12,2288.0,1824.0,1376,4128,1005.1,12,1.0,1.0,0.0
"TSL:XlaModule:#hlo_module=jit_scatter,program_id=307#",PushPop,22913,94140,4,5728.3,5952.5,3680,7328,1626.9,12,3.0,0.0,3.0
"TSL:Thunk:#name=jit(arctan)/atan,hlo_op=loop_atan2_fusion#",PushPop,22592,104380,13,1737.8,1696.0,1600,2016,141.5,13,1.0,1.0,0.0
"TSL:Thunk:#name=jit(log)/log,hlo_op=wrapped_log#",PushPop,22496,347872,14,1606.9,1536.0,1472,2176,186.2,14,1.0,1.0,0.0
"TSL:XlaModule:#hlo_module=jit_log,program_id=3#",PushPop,22496,661255,14,1606.9,1536.0,1472,2176,186.2,14,1.0,0.0,1.0
TSL:Thunk:#hlo_op=loop_dynamic_slice_fusion#,PushPop,22272,245372,20,1113.6,896.0,832,2816,482.9,20,1.0,1.0,0.0
"TSL:Thunk:#name=jit(dynamic_slice)/dynamic_slice,hlo_op=wrapped_dynamic-slice#",PushPop,21664,208192,24,902.7,896.0,768,1280,121.6,24,1.0,1.0,0.0
"TSL:Thunk:#name=jit(true_divide),hlo_op=loop_divide_fusion#",PushPop,21184,30220,3,7061.3,8864.0,1568,10752,4850.1,3,1.0,1.0,0.0
"TSL:XlaModule:#hlo_module=jit__reduce_max,program_id=265#",PushPop,21088,74110,2,10544.0,10544.0,8672,12416,2647.4,4,2.0,0.0,2.0
TSL:Thunk:#hlo_op=loop_dynamic_update_slice_fusion.121#,PushPop,20768,50621,8,2596.0,2064.0,2016,4736,945.9,8,1.0,1.0,0.0
"TSL:Thunk:#name=jit(subtract)/sub,hlo_op=wrapped_subtract#",PushPop,20224,172990,18,1123.6,832.0,768,3168,708.4,18,1.0,1.0,0.0
"TSL:XlaModule:#hlo_module=jit_broadcast_in_dim,program_id=87#",PushPop,20192,269561,28,721.1,704.0,672,896,56.8,28,1.0,0.0,1.0
TSL:Thunk:#hlo_op=loop_subtract_fusion.4#,PushPop,18432,51160,12,1536.0,1424.0,1024,2336,517.1,12,1.0,1.0,0.0
TSL:Thunk:#hlo_op=loop_subtract_fusion.3#,PushPop,17984,56020,12,1498.7,1328.0,864,3712,853.5,12,1.0,1.0,0.0
TSL:Thunk:#hlo_op=loop_subtract_fusion.2#,PushPop,17728,57681,12,1477.3,1296.0,832,3776,871.2,12,1.0,1.0,0.0
"TSL:Thunk:#name=jit(multiply)/mul,hlo_op=wrapped_multiply#",PushPop,17280,308203,18,960.0,832.0,768,1856,334.5,18,1.0,1.0,0.0
"TSL:XlaModule:#hlo_module=jit_broadcast_in_dim,program_id=131#",PushPop,16320,82601,7,2331.4,2240.0,2208,2752,190.6,7,1.0,0.0,1.0
"TSL:XlaModule:#hlo_module=jit_multiply,program_id=5#",PushPop,16192,371042,18,899.6,864.0,768,1536,173.2,18,1.0,0.0,1.0
"TSL:Thunk:#name=jit(true_divide)/div,hlo_op=wrapped_divide#",PushPop,15872,101892,14,1133.7,1008.0,928,1856,252.2,14,1.0,1.0,0.0
"TSL:XlaModule:#hlo_module=jit_convert_element_type,program_id=145#",PushPop,14368,158021,14,1026.3,992.0,896,1568,161.0,14,1.0,0.0,1.0
"TSL:Thunk:#name=jit(sqrt)/sqrt,hlo_op=wrapped_sqrt#",PushPop,13824,86110,14,987.4,944.0,928,1504,150.5,14,1.0,1.0,0.0
"TSL:XlaModule:#hlo_module=jit_broadcast_in_dim,program_id=127#",PushPop,13728,82710,6,2288.0,2272.0,2240,2368,56.3,6,1.0,0.0,1.0
"TSL:XlaModule:#hlo_module=jit_convert_element_type,program_id=257#",PushPop,13024,70110,4,3256.0,3120.0,3008,3776,350.9,4,1.0,0.0,1.0
"TSL:XlaModule:#hlo_module=jit_dynamic_slice,program_id=69#",PushPop,12864,204503,14,918.9,896.0,864,1184,78.8,14,1.0,0.0,1.0
TSL:Thunk:#hlo_op=input_reduce_fusion#,PushPop,12800,18160,2,6400.0,6400.0,6368,6432,45.3,2,1.0,1.0,0.0
"TSL:XlaModule:#hlo_module=jit_convert_element_type,program_id=259#",PushPop,12480,69022,4,3120.0,3088.0,2976,3328,153.5,4,1.0,0.0,1.0
"TSL:XlaModule:#hlo_module=jit_scatter,program_id=75#",PushPop,12000,88211,1,12000.0,12000.0,12000,12000,0.0,3,3.0,0.0,3.0
"TSL:XlaModule:#hlo_module=jit_sqrt,program_id=19#",PushPop,11904,140731,12,992.0,944.0,928,1504,162.6,12,1.0,0.0,1.0
"TSL:Thunk:#name=jit(true_divide)/div,hlo_op=loop_divide_fusion#",PushPop,11456,252433,10,1145.6,1024.0,928,1632,255.9,10,1.0,1.0,0.0
"TSL:Thunk:#name=jit(add),hlo_op=loop_add_fusion#",PushPop,11424,70751,5,2284.8,2688.0,800,3616,1103.6,5,1.0,1.0,0.0
"TSL:XlaModule:#prefix=args[0],hlo_module=jit_squeeze,program_id=71#",PushPop,11360,187901,14,811.4,800.0,736,992,64.7,14,1.0,0.0,1.0
"TSL:XlaModule:#hlo_module=jit_arctan,program_id=9#",PushPop,10848,256672,6,1808.0,1792.0,1696,1952,98.6,6,1.0,0.0,1.0
"TSL:XlaModule:#hlo_module=jit_true_divide,program_id=239#",PushPop,10752,32581,1,10752.0,10752.0,10752,10752,0.0,1,1.0,0.0,1.0
"TSL:Thunk:#name=jit(clip),hlo_op=loop_minimum_fusion#",PushPop,9984,94390,9,1109.3,1024.0,800,1376,208.6,9,1.0,1.0,0.0
"TSL:XlaModule:#hlo_module=jit_arctan,program_id=13#",PushPop,9728,106240,6,1621.3,1616.0,1600,1664,26.1,6,1.0,0.0,1.0
"TSL:XlaModule:#hlo_module=jit_true_divide,program_id=249#",PushPop,8864,32100,1,8864.0,8864.0,8864,8864,0.0,1,1.0,0.0,1.0
"TSL:Thunk:#name=jit(add)/add,hlo_op=loop_add_fusion#",PushPop,8384,76470,10,838.4,816.0,736,1088,97.5,10,1.0,1.0,0.0
"TSL:Thunk:#name=jit(_where),hlo_op=loop_select_fusion#",PushPop,7520,39940,6,1253.3,912.0,896,2976,844.1,6,1.0,1.0,0.0
TSL:Thunk:#hlo_op=loop_dynamic_update_slice_fusion#,PushPop,7104,25340,8,888.0,896.0,768,960,61.1,8,1.0,1.0,0.0
"TSL:XlaModule:#prefix=args[0],hlo_module=jit_convert_element_type,program_id=61#",PushPop,6944,149341,9,771.6,768.0,736,800,25.0,9,1.0,0.0,1.0
"TSL:XlaModule:#hlo_module=jit_convert_element_type,program_id=269#",PushPop,6752,42281,2,3376.0,3376.0,2304,4448,1516.0,2,1.0,0.0,1.0
TSL:Thunk:#hlo_op=loop_multiply_fusion#,PushPop,6624,27810,2,3312.0,3312.0,3200,3424,158.4,2,1.0,1.0,0.0
TSL:Thunk:#hlo_op=copy.2#,PushPop,6370,73140,8,796.3,768.5,736,928,71.3,8,1.0,1.0,0.0
"TSL:XlaModule:#prefix=args[0],hlo_module=jit_broadcast_in_dim,program_id=63#",PushPop,6304,84721,8,788.0,784.0,768,832,23.8,8,1.0,0.0,1.0
"TSL:XlaModule:#hlo_module=jit_multiply,program_id=15#",PushPop,5856,103822,6,976.0,800.0,768,1856,431.6,6,1.0,0.0,1.0
"TSL:XlaModule:#hlo_module=jit_true_divide,program_id=27#",PushPop,5792,382883,4,1448.0,1328.0,1280,1856,273.3,4,1.0,0.0,1.0
"TSL:XlaModule:#hlo_module=jit_add,program_id=7#",PushPop,5472,108421,6,912.0,928.0,832,992,69.4,6,1.0,0.0,1.0
"TSL:XlaModule:#prefix=args[0],hlo_module=jit_convert_element_type,program_id=267#",PushPop,5472,85570,7,781.7,768.0,736,864,40.7,7,1.0,0.0,1.0
"TSL:XlaModule:#hlo_module=jit_dynamic_slice,program_id=55#",PushPop,5376,72810,6,896.0,784.0,768,1280,207.4,6,1.0,0.0,1.0
"TSL:XlaModule:#hlo_module=jit_add,program_id=17#",PushPop,5216,102441,6,869.3,832.0,768,1088,115.2,6,1.0,0.0,1.0
"TSL:XlaModule:#hlo_module=jit_subtract,program_id=11#",PushPop,5088,122260,6,848.0,816.0,768,1088,121.0,6,1.0,0.0,1.0
"TSL:Thunk:#name=jit(greater)/gt,hlo_op=loop_compare_fusion#",PushPop,4896,31741,4,1224.0,992.0,800,2112,601.2,4,1.0,1.0,0.0
"TSL:Thunk:#name=jit(_where)/select_n,hlo_op=wrapped_select#",PushPop,4704,29750,5,940.8,928.0,896,1024,48.5,5,1.0,1.0,0.0
"TSL:XlaModule:#hlo_module=jit__where,program_id=173#",PushPop,4704,59220,5,940.8,928.0,896,1024,48.5,5,1.0,0.0,1.0
"TSL:Thunk:#name=args[1],hlo_op=loop_dynamic_slice_fusion#",PushPop,4640,31451,5,928.0,896.0,864,1024,75.0,5,1.0,1.0,0.0
TSL:Thunk:#hlo_op=input_reduce_fusion.1#,PushPop,4512,11630,2,2256.0,2256.0,2240,2272,22.6,2,1.0,1.0,0.0
"TSL:XlaModule:#hlo_module=jit_dynamic_slice,program_id=225#",PushPop,4480,45890,2,2240.0,2240.0,1664,2816,814.6,2,1.0,0.0,1.0
"TSL:XlaModule:#hlo_module=jit_broadcast_in_dim,program_id=137#",PushPop,4224,55310,4,1056.0,1024.0,1024,1152,64.0,4,1.0,0.0,1.0
"TSL:XlaModule:#hlo_module=jit_clip,program_id=147#",PushPop,4160,85971,4,1040.0,1008.0,960,1184,99.5,4,1.0,0.0,1.0
"TSL:Thunk:#name=jit(maximum)/max,hlo_op=loop_maximum_fusion#",PushPop,4128,19880,2,2064.0,2064.0,864,3264,1697.1,2,1.0,1.0,0.0
"TSL:XlaModule:#hlo_module=jit_clip,program_id=151#",PushPop,4064,72190,3,1354.7,1344.0,1344,1376,18.5,3,1.0,0.0,1.0
"TSL:XlaModule:#hlo_module=jit_true_divide,program_id=21#",PushPop,4064,251193,4,1016.0,1008.0,960,1088,54.7,4,1.0,0.0,1.0
"TSL:XlaModule:#hlo_module=jit_true_divide,program_id=83#",PushPop,4064,62711,4,1016.0,992.0,928,1152,95.6,4,1.0,0.0,1.0
"TSL:XlaModule:#hlo_module=jit_true_divide,program_id=23#",PushPop,3968,81011,4,992.0,992.0,960,1024,26.1,4,1.0,0.0,1.0
"TSL:XlaModule:#prefix=a,hlo_module=jit__squeeze,program_id=73#",PushPop,3840,51380,5,768.0,768.0,736,832,39.2,5,1.0,0.0,1.0
"TSL:XlaModule:#hlo_module=jit_multiply,program_id=309#",PushPop,3808,87521,4,952.0,928.0,800,1152,179.8,4,1.0,0.0,1.0
"TSL:Thunk:#name=jit(concatenate)/concatenate,hlo_op=wrapped_concatenate#",PushPop,3776,52340,4,944.0,976.0,800,1024,106.1,4,1.0,1.0,0.0
"TSL:XlaModule:#hlo_module=jit_add,program_id=273#",PushPop,3680,34330,1,3680.0,3680.0,3680,3680,0.0,1,1.0,0.0,1.0
"TSL:XlaModule:#hlo_module=jit_add,program_id=209#",PushPop,3616,70690,1,3616.0,3616.0,3616,3616,0.0,1,1.0,0.0,1.0
"TSL:XlaModule:#hlo_module=jit_convert_element_type,program_id=149#",PushPop,3616,64440,3,1205.3,1216.0,1088,1312,112.4,3,1.0,0.0,1.0
"TSL:XlaModule:#hlo_module=jit_broadcast_in_dim,program_id=125#",PushPop,3456,60361,2,1728.0,1728.0,1472,1984,362.0,2,1.0,0.0,1.0
"TSL:XlaModule:#prefix=args[0],hlo_module=jit_convert_element_type,program_id=33#",PushPop,3456,49980,4,864.0,864.0,800,928,52.3,4,1.0,0.0,1.0
"TSL:XlaModule:#hlo_module=jit_dynamic_slice,program_id=41#",PushPop,3424,124171,4,856.0,848.0,768,960,102.4,4,1.0,0.0,1.0
"TSL:XlaModule:#hlo_module=jit_multiply,program_id=221#",PushPop,3424,45621,1,3424.0,3424.0,3424,3424,0.0,1,1.0,0.0,1.0
"TSL:XlaModule:#hlo_module=jit_add,program_id=277#",PushPop,3360,34690,1,3360.0,3360.0,3360,3360,0.0,1,1.0,0.0,1.0
"TSL:XlaModule:#hlo_module=jit_broadcast_in_dim,program_id=53#",PushPop,3360,76920,5,672.0,672.0,640,704,22.6,5,1.0,0.0,1.0
"TSL:XlaModule:#hlo_module=jit_subtract,program_id=279#",PushPop,3360,69950,4,840.0,832.0,768,928,84.2,4,1.0,0.0,1.0
"TSL:Thunk:#name=jit(less),hlo_op=loop_compare_fusion#",PushPop,3296,25380,4,824.0,768.0,768,992,112.0,4,1.0,1.0,0.0
"TSL:XlaModule:#hlo_module=jit_add,program_id=115#",PushPop,3296,55820,4,824.0,800.0,768,928,75.6,4,1.0,0.0,1.0
"TSL:XlaModule:#hlo_module=jit_less,program_id=185#",PushPop,3296,54050,4,824.0,768.0,768,992,112.0,4,1.0,0.0,1.0
"TSL:XlaModule:#hlo_module=jit_multiply,program_id=25#",PushPop,3296,230693,4,824.0,832.0,800,832,16.0,4,1.0,0.0,1.0
"TSL:XlaModule:#hlo_module=jit_add,program_id=81#",PushPop,3264,63360,4,816.0,816.0,768,864,41.3,4,1.0,0.0,1.0
"TSL:XlaModule:#hlo_module=jit_maximum,program_id=241#",PushPop,3264,30330,1,3264.0,3264.0,3264,3264,0.0,1,1.0,0.0,1.0
"TSL:XlaModule:#hlo_module=jit_add,program_id=251#",PushPop,3232,30100,1,3232.0,3232.0,3232,3232,0.0,1,1.0,0.0,1.0
"TSL:XlaModule:#prefix=args[0],hlo_module=jit_convert_element_type,program_id=35#",PushPop,3232,61640,4,808.0,784.0,768,896,60.6,4,1.0,0.0,1.0
"TSL:XlaModule:#hlo_module=jit_broadcast_in_dim,program_id=139#",PushPop,3200,49840,3,1066.7,1056.0,1056,1088,18.5,3,1.0,0.0,1.0
"TSL:XlaModule:#hlo_module=jit_multiply,program_id=229#",PushPop,3200,34280,1,3200.0,3200.0,3200,3200,0.0,1,1.0,0.0,1.0
"TSL:XlaModule:#hlo_module=jit_multiply,program_id=117#",PushPop,3168,75960,4,792.0,800.0,768,800,16.0,4,1.0,0.0,1.0
"TSL:XlaModule:#hlo_module=jit_subtract,program_id=275#",PushPop,3168,32360,1,3168.0,3168.0,3168,3168,0.0,1,1.0,0.0,1.0
TSL:Thunk:#hlo_op=loop_add_fusion#,PushPop,3136,12650,1,3136.0,3136.0,3136,3136,0.0,1,1.0,1.0,0.0
"TSL:XlaModule:#hlo_module=jit_add,program_id=223#",PushPop,3136,43730,1,3136.0,3136.0,3136,3136,0.0,1,1.0,0.0,1.0
"TSL:XlaModule:#prefix=args[0],hlo_module=jit_broadcast_in_dim,program_id=217#",PushPop,3136,64020,3,1045.3,928.0,896,1312,231.5,3,1.0,0.0,1.0
"TSL:XlaModule:#prefix=args[0],hlo_module=jit_convert_element_type,program_id=305#",PushPop,3136,54520,4,784.0,768.0,768,832,32.0,4,1.0,0.0,1.0
"TSL:XlaModule:#hlo_module=jit_broadcast_in_dim,program_id=123#",PushPop,3104,82411,2,1552.0,1552.0,1408,1696,203.6,2,1.0,0.0,1.0
"TSL:XlaModule:#prefix=args[0],hlo_module=jit_convert_element_type,program_id=37#",PushPop,3104,52950,4,776.0,768.0,736,832,40.3,4,1.0,0.0,1.0
"TSL:XlaModule:#hlo_module=jit_convert_element_type,program_id=261#",PushPop,3008,48841,3,1002.7,992.0,992,1024,18.5,3,1.0,0.0,1.0
"TSL:XlaModule:#hlo_module=jit__where,program_id=235#",PushPop,2976,34350,1,2976.0,2976.0,2976,2976,0.0,1,1.0,0.0,1.0
"TSL:Thunk:#name=jit(multiply),hlo_op=loop_multiply_fusion#",PushPop,2944,21080,1,2944.0,2944.0,2944,2944,0.0,1,1.0,1.0,0.0
"TSL:XlaModule:#hlo_module=jit_add,program_id=253#",PushPop,2944,30400,1,2944.0,2944.0,2944,2944,0.0,1,1.0,0.0,1.0
"TSL:XlaModule:#hlo_module=jit_multiply,program_id=211#",PushPop,2944,69451,1,2944.0,2944.0,2944,2944,0.0,1,1.0,0.0,1.0
"TSL:XlaModule:#prefix=args[0],hlo_module=jit_convert_element_type,program_id=29#",PushPop,2848,65071,3,949.3,1024.0,800,1024,129.3,3,1.0,0.0,1.0
"TSL:Thunk:#name=jit(less)/lt,hlo_op=loop_compare_fusion#",PushPop,2784,27130,3,928.0,800.0,768,1216,249.9,3,1.0,1.0,0.0
"TSL:XlaModule:#hlo_module=jit_greater,program_id=153#",PushPop,2784,53411,3,928.0,928.0,800,1056,128.0,3,1.0,0.0,1.0
"TSL:XlaModule:#hlo_module=jit_less,program_id=169#",PushPop,2784,58700,3,928.0,800.0,768,1216,249.9,3,1.0,0.0,1.0
"TSL:XlaModule:#hlo_module=jit__where,program_id=207#",PushPop,2752,41980,3,917.3,928.0,896,928,18.5,3,1.0,0.0,1.0
"TSL:XlaModule:#hlo_module=jit_add,program_id=281#",PushPop,2752,31650,1,2752.0,2752.0,2752,2752,0.0,1,1.0,0.0,1.0
"TSL:XlaModule:#hlo_module=jit_add,program_id=283#",PushPop,2688,30760,1,2688.0,2688.0,2688,2688,0.0,1,1.0,0.0,1.0
"TSL:XlaModule:#hlo_module=jit_dynamic_slice,program_id=287#",PushPop,2688,81621,2,1344.0,1344.0,896,1792,633.6,2,1.0,0.0,1.0
"TSL:XlaModule:#hlo_module=jit_multiply,program_id=247#",PushPop,2656,32760,1,2656.0,2656.0,2656,2656,0.0,1,1.0,0.0,1.0
"TSL:Thunk:#name=jit(abs)/abs,hlo_op=wrapped_abs#",PushPop,2624,10300,1,2624.0,2624.0,2624,2624,0.0,1,1.0,1.0,0.0
"TSL:Thunk:#name=jit(arcsin)/asin,hlo_op=wrapped_asin#",PushPop,2624,14080,2,1312.0,1312.0,1088,1536,316.8,2,1.0,1.0,0.0
"TSL:XlaModule:#hlo_module=jit_abs,program_id=231#",PushPop,2624,31760,1,2624.0,2624.0,2624,2624,0.0,1,1.0,0.0,1.0
"TSL:XlaModule:#hlo_module=jit_arcsin,program_id=331#",PushPop,2624,38850,2,1312.0,1312.0,1088,1536,316.8,2,1.0,0.0,1.0
"TSL:Thunk:#name=args[1],hlo_op=loop_select_fusion#",PushPop,2592,21121,3,864.0,800.0,768,1024,139.5,3,1.0,1.0,0.0
"TSL:XlaModule:#hlo_module=jit_multiply,program_id=59#",PushPop,2592,53510,3,864.0,768.0,768,1056,166.3,3,1.0,0.0,1.0
"TSL:XlaModule:#hlo_module=jit_subtract,program_id=271#",PushPop,2592,34741,1,2592.0,2592.0,2592,2592,0.0,1,1.0,0.0,1.0
"TSL:Thunk:#name=jit(_power),hlo_op=loop_power_fusion#",PushPop,2560,15080,1,2560.0,2560.0,2560,2560,0.0,1,1.0,1.0,0.0
"TSL:XlaModule:#hlo_module=jit__power,program_id=245#",PushPop,2560,39880,1,2560.0,2560.0,2560,2560,0.0,1,1.0,0.0,1.0
"TSL:XlaModule:#prefix=a,hlo_module=jit__squeeze,program_id=65#",PushPop,2432,41160,3,810.7,832.0,736,864,66.6,3,1.0,0.0,1.0
TSL:Thunk:#hlo_op=loop_divide_fusion#,PushPop,2368,23970,2,1184.0,1184.0,1024,1344,226.3,2,1.0,1.0,0.0
"TSL:XlaModule:#hlo_module=jit_dynamic_slice,program_id=203#",PushPop,2368,82810,2,1184.0,1184.0,1152,1216,45.3,2,1.0,0.0,1.0
"TSL:Thunk:#name=jit(gather)/gather,hlo_op=loop_gather_fusion#",PushPop,2336,13550,2,1168.0,1168.0,1088,1248,113.1,2,1.0,1.0,0.0
"TSL:XlaModule:#hlo_module=jit_gather,program_id=199#",PushPop,2336,37660,2,1168.0,1168.0,1088,1248,113.1,2,1.0,0.0,1.0
"TSL:XlaModule:#hlo_module=jit_broadcast_in_dim,program_id=143#",PushPop,2304,40821,2,1152.0,1152.0,1120,1184,45.3,2,1.0,0.0,1.0
"TSL:XlaModule:#hlo_module=jit_broadcast_in_dim,program_id=89#",PushPop,2208,71550,3,736.0,736.0,704,768,32.0,3,1.0,0.0,1.0
"TSL:XlaModule:#hlo_module=jit_broadcast_in_dim,program_id=91#",PushPop,2208,67471,3,736.0,736.0,704,768,32.0,3,1.0,0.0,1.0
"TSL:Thunk:#name=jit(arctan2)/atan2,hlo_op=wrapped_atan2#",PushPop,2176,11150,1,2176.0,2176.0,2176,2176,0.0,1,1.0,1.0,0.0
"TSL:XlaModule:#hlo_module=jit_arctan2,program_id=325#",PushPop,2176,35391,1,2176.0,2176.0,2176,2176,0.0,1,1.0,0.0,1.0
"TSL:XlaModule:#hlo_module=jit_broadcast_in_dim,program_id=133#",PushPop,2144,53820,3,714.7,704.0,704,736,18.5,3,1.0,0.0,1.0
"TSL:XlaModule:#hlo_module=jit_greater,program_id=233#",PushPop,2112,31531,1,2112.0,2112.0,2112,2112,0.0,1,1.0,0.0,1.0
"TSL:XlaModule:#hlo_module=jit_dynamic_slice,program_id=289#",PushPop,2048,79471,2,1024.0,1024.0,896,1152,181.0,2,1.0,0.0,1.0
"TSL:XlaModule:#hlo_module=jit_true_divide,program_id=77#",PushPop,2048,56741,2,1024.0,1024.0,928,1120,135.8,2,1.0,0.0,1.0
"TSL:XlaModule:#hlo_module=jit_arctan,program_id=323#",PushPop,2016,35140,1,2016.0,2016.0,2016,2016,0.0,1,1.0,0.0,1.0
"TSL:XlaModule:#hlo_module=jit_subtract,program_id=227#",PushPop,2016,41900,1,2016.0,2016.0,2016,2016,0.0,1,1.0,0.0,1.0
"TSL:XlaModule:#hlo_module=jit_convert_element_type,program_id=177#",PushPop,1920,37030,2,960.0,960.0,896,1024,90.5,2,1.0,0.0,1.0
"TSL:XlaModule:#hlo_module=jit_dynamic_slice,program_id=101#",PushPop,1920,60881,2,960.0,960.0,832,1088,181.0,2,1.0,0.0,1.0
"TSL:XlaModule:#hlo_module=jit_sqrt,program_id=157#",PushPop,1920,41520,2,960.0,960.0,928,992,45.3,2,1.0,0.0,1.0
"TSL:XlaModule:#hlo_module=jit_true_divide,program_id=49#",PushPop,1888,65380,2,944.0,944.0,928,960,22.6,2,1.0,0.0,1.0
"TSL:XlaModule:#hlo_module=jit_dynamic_slice,program_id=295#",PushPop,1824,55651,2,912.0,912.0,832,992,113.1,2,1.0,0.0,1.0
"TSL:XlaModule:#hlo_module=jit_multiply,program_id=215#",PushPop,1824,49290,1,1824.0,1824.0,1824,1824,0.0,1,1.0,0.0,1.0
"TSL:Thunk:#name=jit(bitwise_and)/and,hlo_op=wrapped_and#",PushPop,1792,13100,2,896.0,896.0,768,1024,181.0,2,1.0,1.0,0.0
"TSL:XlaModule:#hlo_module=jit__where,program_id=181#",PushPop,1792,39431,2,896.0,896.0,896,896,0.0,2,1.0,0.0,1.0
"TSL:XlaModule:#hlo_module=jit_bitwise_and,program_id=187#",PushPop,1792,35610,2,896.0,896.0,768,1024,181.0,2,1.0,0.0,1.0
"TSL:Thunk:#name=jit(select_n)/select_n,hlo_op=wrapped_select#",PushPop,1760,14620,2,880.0,880.0,864,896,22.6,2,1.0,1.0,0.0
"TSL:XlaModule:#hlo_module=jit_clip,program_id=189#",PushPop,1760,51300,2,880.0,880.0,800,960,113.1,2,1.0,0.0,1.0
"TSL:XlaModule:#hlo_module=jit_dynamic_slice,program_id=297#",PushPop,1760,45581,2,880.0,880.0,864,896,22.6,2,1.0,0.0,1.0
"TSL:XlaModule:#hlo_module=jit_select_n,program_id=193#",PushPop,1760,38390,2,880.0,880.0,864,896,22.6,2,1.0,0.0,1.0
"TSL:XlaModule:#hlo_module=jit_dynamic_slice,program_id=107#",PushPop,1728,56951,2,864.0,864.0,864,864,0.0,2,1.0,0.0,1.0
"TSL:XlaModule:#hlo_module=jit_dynamic_slice,program_id=113#",PushPop,1728,52210,2,864.0,864.0,832,896,45.3,2,1.0,0.0,1.0
"TSL:XlaModule:#hlo_module=jit_dynamic_slice,program_id=119#",PushPop,1728,49280,2,864.0,864.0,832,896,45.3,2,1.0,0.0,1.0
"TSL:XlaModule:#prefix=args[0],hlo_module=jit_broadcast_in_dim,program_id=201#",PushPop,1728,28900,2,864.0,864.0,800,928,90.5,2,1.0,0.0,1.0
"TSL:Thunk:#name=jit(greater_equal),hlo_op=loop_compare_fusion#",PushPop,1696,14020,2,848.0,848.0,768,928,113.1,2,1.0,1.0,0.0
"TSL:XlaModule:#hlo_module=jit_greater_equal,program_id=183#",PushPop,1696,36811,2,848.0,848.0,768,928,113.1,2,1.0,0.0,1.0
"TSL:XlaModule:#prefix=args[0],hlo_module=jit__broadcast_arrays,program_id=195#",PushPop,1696,38280,2,848.0,848.0,768,928,113.1,2,1.0,0.0,1.0
"TSL:Thunk:#name=jit(_pad),hlo_op=input_concatenate_fusion#",PushPop,1664,34040,2,832.0,832.0,800,864,45.3,2,1.0,1.0,0.0
"TSL:XlaModule:#hlo_module=jit_multiply,program_id=85#",PushPop,1664,53910,2,832.0,832.0,800,864,45.3,2,1.0,0.0,1.0
"TSL:XlaModule:#prefix=args[0],hlo_module=jit_squeeze,program_id=205#",PushPop,1664,40490,2,832.0,832.0,768,896,90.5,2,1.0,0.0,1.0
"TSL:XlaModule:#hlo_module=jit_true_divide,program_id=111#",PushPop,1632,37120,1,1632.0,1632.0,1632,1632,0.0,1,1.0,0.0,1.0
"TSL:Thunk:#name=jit(bitwise_or)/or,hlo_op=wrapped_or#",PushPop,1600,18120,2,800.0,800.0,768,832,45.3,2,1.0,1.0,0.0
"TSL:Thunk:#name=jit(rint)/round,hlo_op=wrapped_round-nearest-even#",PushPop,1600,13870,2,800.0,800.0,800,800,0.0,2,1.0,1.0,0.0
"TSL:XlaModule:#hlo_module=jit_bitwise_or,program_id=171#",PushPop,1600,41110,2,800.0,800.0,768,832,45.3,2,1.0,0.0,1.0
"TSL:XlaModule:#hlo_module=jit_broadcast_in_dim,program_id=141#",PushPop,1600,40230,2,800.0,800.0,736,864,90.5,2,1.0,0.0,1.0
"TSL:XlaModule:#hlo_module=jit_rint,program_id=175#",PushPop,1600,36680,2,800.0,800.0,800,800,0.0,2,1.0,0.0,1.0
"TSL:XlaModule:#hlo_module=jit_subtract,program_id=95#",PushPop,1600,54920,2,800.0,800.0,768,832,45.3,2,1.0,0.0,1.0
"TSL:XlaModule:#hlo_module=jit_add,program_id=213#",PushPop,1568,55391,1,1568.0,1568.0,1568,1568,0.0,1,1.0,0.0,1.0
"TSL:XlaModule:#hlo_module=jit_true_divide,program_id=243#",PushPop,1568,30220,1,1568.0,1568.0,1568,1568,0.0,1,1.0,0.0,1.0
"TSL:XlaModule:#prefix=args[0],hlo_module=jit_broadcast_in_dim,program_id=197#",PushPop,1568,28480,2,784.0,784.0,768,800,22.6,2,1.0,0.0,1.0
"TSL:Thunk:#name=jit(negative)/neg,hlo_op=wrapped_negate#",PushPop,1536,10411,1,1536.0,1536.0,1536,1536,0.0,1,1.0,1.0,0.0
"TSL:XlaModule:#hlo_module=jit_add,program_id=191#",PushPop,1536,38330,2,768.0,768.0,736,800,45.3,2,1.0,0.0,1.0
"TSL:XlaModule:#hlo_module=jit_negative,program_id=237#",PushPop,1536,31271,1,1536.0,1536.0,1536,1536,0.0,1,1.0,0.0,1.0
"TSL:XlaModule:#hlo_module=jit_true_divide,program_id=105#",PushPop,1536,41061,1,1536.0,1536.0,1536,1536,0.0,1,1.0,0.0,1.0
"TSL:Thunk:#name=jit(equal),hlo_op=loop_compare_fusion#",PushPop,1504,13450,2,752.0,752.0,736,768,22.6,2,1.0,1.0,0.0
"TSL:XlaModule:#hlo_module=jit_equal,program_id=179#",PushPop,1504,36220,2,752.0,752.0,736,768,22.6,2,1.0,0.0,1.0
"TSL:XlaModule:#prefix=args[0],hlo_module=jit_convert_element_type,program_id=39#",PushPop,1440,53060,1,1440.0,1440.0,1440,1440,0.0,1,1.0,0.0,1.0
"TSL:XlaModule:#hlo_module=jit_add,program_id=255#",PushPop,1408,29900,1,1408.0,1408.0,1408,1408,0.0,1,1.0,0.0,1.0
"TSL:XlaModule:#hlo_module=jit_broadcast_in_dim,program_id=303#",PushPop,1408,40920,2,704.0,704.0,640,768,90.5,2,1.0,0.0,1.0
"TSL:Thunk:#name=jit(exp)/exp,hlo_op=wrapped_exponential#",PushPop,1376,10350,1,1376.0,1376.0,1376,1376,0.0,1,1.0,1.0,0.0
"TSL:XlaModule:#hlo_module=jit_exp,program_id=161#",PushPop,1376,33401,1,1376.0,1376.0,1376,1376,0.0,1,1.0,0.0,1.0
"TSL:XlaModule:#prefix=args[0],hlo_module=jit_broadcast_in_dim,program_id=219#",PushPop,1376,38910,1,1376.0,1376.0,1376,1376,0.0,1,1.0,0.0,1.0
"TSL:XlaModule:#hlo_module=jit_broadcast_in_dim,program_id=93#",PushPop,1344,52610,2,672.0,672.0,672,672,0.0,2,1.0,0.0,1.0
"TSL:XlaModule:#hlo_module=jit_true_divide,program_id=315#",PushPop,1344,35250,1,1344.0,1344.0,1344,1344,0.0,1,1.0,0.0,1.0
"TSL:XlaModule:#hlo_module=jit_true_divide,program_id=163#",PushPop,1312,32130,1,1312.0,1312.0,1312,1312,0.0,1,1.0,0.0,1.0
"TSL:XlaModule:#hlo_module=jit_add,program_id=43#",PushPop,1280,48640,1,1280.0,1280.0,1280,1280,0.0,1,1.0,0.0,1.0
"TSL:XlaModule:#hlo_module=jit_convert_element_type,program_id=263#",PushPop,1152,35351,1,1152.0,1152.0,1152,1152,0.0,1,1.0,0.0,1.0
"TSL:Thunk:#name=jit(greater_equal)/ge,hlo_op=loop_compare_fusion#",PushPop,1056,10550,1,1056.0,1056.0,1056,1056,0.0,1,1.0,1.0,0.0
"TSL:XlaModule:#hlo_module=jit_greater_equal,program_id=329#",PushPop,1056,32670,1,1056.0,1056.0,1056,1056,0.0,1,1.0,0.0,1.0
"TSL:XlaModule:#hlo_module=jit_concatenate,program_id=293#",PushPop,1024,39320,1,1024.0,1024.0,1024,1024,0.0,1,1.0,0.0,1.0
"TSL:XlaModule:#hlo_module=jit_concatenate,program_id=301#",PushPop,1024,37391,1,1024.0,1024.0,1024,1024,0.0,1,1.0,0.0,1.0
"TSL:XlaModule:#hlo_module=jit_true_divide,program_id=159#",PushPop,1024,34890,1,1024.0,1024.0,1024,1024,0.0,1,1.0,0.0,1.0
"TSL:XlaModule:#hlo_module=jit_true_divide,program_id=321#",PushPop,1024,36441,1,1024.0,1024.0,1024,1024,0.0,1,1.0,0.0,1.0
"TSL:XlaModule:#hlo_module=jit_add,program_id=57#",PushPop,960,40031,1,960.0,960.0,960,960,0.0,1,1.0,0.0,1.0
"TSL:XlaModule:#prefix=args[0],hlo_module=jit_convert_element_type,program_id=1#",PushPop,960,539694,1,960.0,960.0,960,960,0.0,1,1.0,0.0,1.0
"TSL:XlaModule:#hlo_module=jit_concatenate,program_id=291#",PushPop,928,52650,1,928.0,928.0,928,928,0.0,1,1.0,0.0,1.0
"TSL:XlaModule:#prefix=args[0],hlo_module=jit_broadcast_in_dim,program_id=311#",PushPop,928,21500,1,928.0,928.0,928,928,0.0,1,1.0,0.0,1.0
"TSL:XlaModule:#hlo_module=jit__pad,program_id=97#",PushPop,864,58810,1,864.0,864.0,864,864,0.0,1,1.0,0.0,1.0
"TSL:XlaModule:#hlo_module=jit_broadcast_in_dim,program_id=135#",PushPop,864,34190,1,864.0,864.0,864,864,0.0,1,1.0,0.0,1.0
"TSL:XlaModule:#hlo_module=jit_maximum,program_id=155#",PushPop,864,34500,1,864.0,864.0,864,864,0.0,1,1.0,0.0,1.0
"TSL:XlaModule:#prefix=args[0],hlo_module=jit_broadcast_in_dim,program_id=317#",PushPop,864,23870,1,864.0,864.0,864,864,0.0,1,1.0,0.0,1.0
"TSL:XlaModule:#hlo_module=jit_add,program_id=327#",PushPop,832,33041,1,832.0,832.0,832,832,0.0,1,1.0,0.0,1.0
"TSL:XlaModule:#hlo_module=jit_multiply,program_id=79#",PushPop,832,44370,1,832.0,832.0,832,832,0.0,1,1.0,0.0,1.0
"TSL:XlaModule:#hlo_module=jit_subtract,program_id=109#",PushPop,832,37500,1,832.0,832.0,832,832,0.0,1,1.0,0.0,1.0
"TSL:Thunk:#name=jit(subtract)/sub,hlo_op=loop_subtract_fusion#",PushPop,800,9910,1,800.0,800.0,800,800,0.0,1,1.0,1.0,0.0
"TSL:XlaModule:#hlo_module=jit__pad,program_id=99#",PushPop,800,50801,1,800.0,800.0,800,800,0.0,1,1.0,0.0,1.0
"TSL:XlaModule:#hlo_module=jit_add,program_id=165#",PushPop,800,31960,1,800.0,800.0,800,800,0.0,1,1.0,0.0,1.0
"TSL:XlaModule:#hlo_module=jit_add,program_id=285#",PushPop,800,35730,1,800.0,800.0,800,800,0.0,1,1.0,0.0,1.0
"TSL:XlaModule:#hlo_module=jit_concatenate,program_id=299#",PushPop,800,36390,1,800.0,800.0,800,800,0.0,1,1.0,0.0,1.0
"TSL:XlaModule:#hlo_module=jit_subtract,program_id=103#",PushPop,800,42091,1,800.0,800.0,800,800,0.0,1,1.0,0.0,1.0
"TSL:XlaModule:#hlo_module=jit_subtract,program_id=333#",PushPop,800,31910,1,800.0,800.0,800,800,0.0,1,1.0,0.0,1.0
"TSL:XlaModule:#prefix=args[0],hlo_module=jit_convert_element_type,program_id=31#",PushPop,800,24410,1,800.0,800.0,800,800,0.0,1,1.0,0.0,1.0
"TSL:XlaModule:#hlo_module=jit_multiply,program_id=167#",PushPop,768,32010,1,768.0,768.0,768,768,0.0,1,1.0,0.0,1.0
"TSL:XlaModule:#hlo_module=jit_multiply,program_id=313#",PushPop,768,34290,1,768.0,768.0,768,768,0.0,1,1.0,0.0,1.0
"TSL:XlaModule:#hlo_module=jit_multiply,program_id=319#",PushPop,768,35300,1,768.0,768.0,768,768,0.0,1,1.0,0.0,1.0
"TSL:XlaModule:#hlo_module=jit_multiply,program_id=45#",PushPop,768,45070,1,768.0,768.0,768,768,0.0,1,1.0,0.0,1.0
"TSL:XlaModule:#hlo_module=jit_subtract,program_id=47#",PushPop,768,39410,1,768.0,768.0,768,768,0.0,1,1.0,0.0,1.0
