path,run_id,case_id,init_time_utc,provenance,domains,vars,physics,wrfout_count,wrfinput_count,wrfbdy_count,met_em_count,sidecar_cpu_run_dir
/mnt/data/canairy_meteo/runs/phys_sweep/phys_champion/wrf_l3_24h,wrf_l3_24h,,2026-05-20T03:00:00+00:00,CPU-WRF,d03:25 L-9-15,"surf=T2,U10,V10,PSFC,RAINNC; 3d=T,U,V,W,QVAPOR","mp_physics=8, 8, 8 bl_pbl_physics=1, 1, 1 sf_sfclay_physics=1, 1, 1 ra_lw_physics=4, 4, 4 ra_sw_physics=4, 4, 4 cu_physics=1, 0, 0",25,3,1,39,
/mnt/data/canairy_meteo/runs/terrain_sweep/v1_control/wrf_l3_25h,wrf_l3_25h,,2026-05-19T03:00:00+00:00,CPU-WRF,"d01:25 L-9-15, d02:24 L-9-14, d03:24 L-9-14","surf=T2,U10,V10,PSFC,RAINNC; 3d=T,U,V,W,QVAPOR","mp_physics=8, 8, 8 bl_pbl_physics=5, 5, 5 sf_sfclay_physics=5, 5, 5 ra_lw_physics=4, 4, 4 ra_sw_physics=4, 4, 4 cu_physics=1, 0, 0",73,3,1,39,
/mnt/data/canairy_meteo/gen2_archive/teacher_l3/20231120_00z,20231120_00z,20231120_00z,2023-11-20T00:00:00+00:00,CPU-WRF,"d01:13 L0-12, d02:13 L0-12, d03:13 L0-12","surf=T2,U10,V10,PSFC,RAINNC; 3d=T,U,V,W,QVAPOR",-,39,0,0,0,
/mnt/data/canairy_meteo/gen2_archive/teacher_l3/20240204_00z,20240204_00z,20240204_00z,2024-02-04T00:00:00+00:00,CPU-WRF,"d01:13 L0-12, d02:13 L0-12, d03:13 L0-12","surf=T2,U10,V10,PSFC,RAINNC; 3d=T,U,V,W,QVAPOR",-,39,0,0,0,
/mnt/data/canairy_meteo/gen2_archive/teacher_l3/20240315_00z,20240315_00z,20240315_00z,2024-03-15T00:00:00+00:00,CPU-WRF,"d01:13 L0-12, d02:13 L0-12, d03:13 L0-12","surf=T2,U10,V10,PSFC,RAINNC; 3d=T,U,V,W,QVAPOR",-,39,0,0,0,
/mnt/data/canairy_meteo/gen2_archive/teacher_l3/20240620_00z,20240620_00z,20240620_00z,2024-06-20T00:00:00+00:00,CPU-WRF,"d01:13 L0-12, d02:13 L0-12, d03:13 L0-12","surf=T2,U10,V10,PSFC,RAINNC; 3d=T,U,V,W,QVAPOR",-,39,0,0,0,
/mnt/data/canairy_meteo/gen2_archive/teacher_l3/20240805_12z,20240805_12z,20240805_12z,2024-08-05T12:00:00+00:00,CPU-WRF,"d01:13 L0-12, d02:13 L0-12, d03:13 L0-12","surf=T2,U10,V10,PSFC,RAINNC; 3d=T,U,V,W,QVAPOR",-,39,0,0,0,
/mnt/data/canairy_meteo/gen2_archive/teacher_l3/20250601_00z,20250601_00z,20250601_00z,2025-06-01T00:00:00+00:00,CPU-WRF,"d01:13 L0-12, d02:13 L0-12, d03:13 L0-12","surf=T2,U10,V10,PSFC,RAINNC; 3d=T,U,V,W,QVAPOR",-,39,0,0,0,
/mnt/data/canairy_meteo/runs/wrf_l3/20260428_18z_l3_24h_20260525T221139Z,20260428_18z_l3_24h_20260525T221139Z,20260428_18z,2026-04-28T18:00:00+00:00,CPU-WRF,"d01:3 L0-2, d02:3 L0-2, d03:3 L0-2, d04:3 L0-2, d05:3 L0-2","surf=T2,U10,V10,PSFC,RAINNC; 3d=T,U,V,W,QVAPOR","mp_physics=8, 8, 8, 8, 8 bl_pbl_physics=5, 5, 5, 5, 5 sf_sfclay_physics=5, 5, 5, 5, 5 ra_lw_physics=4, 4, 4, 4, 4 ra_sw_physics=4, 4, 4, 4, 4 cu_physics=1, 0, 0, 0, 0",15,5,1,65,
/mnt/data/canairy_meteo/runs/wrf_l3/20260428_18z_l3_24h_distinct_surface_gate_20260607T003529Z,20260428_18z_l3_24h_distinct_surface_gate_20260607T003529Z,20260428_18z,2026-04-28T18:00:00+00:00,CPU-WRF,"d01:22 L0-21, d02:22 L0-21, d03:22 L0-21, d04:22 L0-21, d05:22 L0-21","surf=T2,U10,V10,PSFC,RAINNC; 3d=T,U,V,W,QVAPOR","mp_physics=8, 8, 8, 8, 8 bl_pbl_physics=5, 5, 5, 5, 5 sf_sfclay_physics=5, 5, 5, 5, 5 ra_lw_physics=4, 4, 4, 4, 4 ra_sw_physics=4, 4, 4, 4, 4 cu_physics=1, 0, 0, 0, 0",110,5,1,65,
/mnt/data/canairy_meteo/runs/cu0_confirm/20260429_18z_cu0,20260429_18z_cu0,20260429_18z,2026-04-29T18:00:00+00:00,CPU-WRF,"d01:25 L0-24, d02:25 L0-24","surf=T2,U10,V10,PSFC,RAINNC; 3d=T,U,V,W,QVAPOR","mp_physics=8, 8 bl_pbl_physics=5, 5 sf_sfclay_physics=5, 5 ra_lw_physics=4, 4 ra_sw_physics=4, 4 cu_physics=0, 0",50,2,1,65,
/mnt/data/canairy_meteo/runs/wrf_l2_backfill_output/20260429_18z_l2_72h_20260524T204451Z,20260429_18z_l2_72h_20260524T204451Z,20260429_18z,2026-04-29T18:00:00+00:00,CPU-WRF,"d01:73 L0-72, d02:73 L0-72","surf=T2,U10,V10,PSFC,RAINNC; 3d=T,U,V,W,QVAPOR",-,146,0,0,0,
/mnt/data/canairy_meteo/runs/wrf_l2_backfill_output/20260430_18z_l2_72h_20260520T191306Z,20260430_18z_l2_72h_20260520T191306Z,20260430_18z,2026-04-30T18:00:00+00:00,CPU-WRF,"d01:73 L0-72, d02:73 L0-72","surf=T2,U10,V10,PSFC,RAINNC; 3d=T,U,V,W,QVAPOR",-,146,0,0,0,
/mnt/data/canairy_meteo/runs/wrf_l2_backfill_output/20260501_18z_l2_72h_20260519T173026Z,20260501_18z_l2_72h_20260519T173026Z,20260501_18z,2026-05-01T18:00:00+00:00,CPU-WRF,"d01:73 L0-72, d02:73 L0-72","surf=T2,U10,V10,PSFC,RAINNC; 3d=T,U,V,W,QVAPOR",-,146,0,0,0,
/mnt/data/canairy_meteo/runs/wrf_l2_backfill_output/20260502_18z_l2_72h_20260520T103946Z,20260502_18z_l2_72h_20260520T103946Z,20260502_18z,2026-05-02T18:00:00+00:00,CPU-WRF,"d01:73 L0-72, d02:73 L0-72","surf=T2,U10,V10,PSFC,RAINNC; 3d=T,U,V,W,QVAPOR",-,146,0,0,0,
/mnt/data/canairy_meteo/runs/wrf_l2_backfill_output/20260503_18z_l2_72h_20260518T205545Z,20260503_18z_l2_72h_20260518T205545Z,20260503_18z,2026-05-03T18:00:00+00:00,CPU-WRF,"d01:73 L0-72, d02:73 L0-72","surf=T2,U10,V10,PSFC,RAINNC; 3d=T,U,V,W,QVAPOR",-,146,0,0,0,
/mnt/data/canairy_meteo/runs/wrf_l2_backfill_output/20260504_18z_l2_72h_20260515T061907Z,20260504_18z_l2_72h_20260515T061907Z,20260504_18z,2026-05-04T18:00:00+00:00,CPU-WRF,"d01:73 L0-72, d02:73 L0-72","surf=T2,U10,V10,PSFC,RAINNC; 3d=T,U,V,W,QVAPOR",-,146,0,0,0,
/mnt/data/canairy_meteo/runs/wrf_l2_backfill_output/20260505_18z_l2_72h_20260518T074056Z,20260505_18z_l2_72h_20260518T074056Z,20260505_18z,2026-05-05T18:00:00+00:00,CPU-WRF,"d01:73 L0-72, d02:73 L0-72","surf=T2,U10,V10,PSFC,RAINNC; 3d=T,U,V,W,QVAPOR",-,146,0,0,0,
/mnt/data/canairy_meteo/runs/wrf_l2_backfill_output/20260506_18z_l2_72h_20260513T222831Z,20260506_18z_l2_72h_20260513T222831Z,20260506_18z,2026-05-06T18:00:00+00:00,CPU-WRF,"d01:73 L0-72, d02:73 L0-72","surf=T2,U10,V10,PSFC,RAINNC; 3d=T,U,V,W,QVAPOR",-,146,0,0,0,
/mnt/data/canairy_meteo/runs/wrf_l2_backfill_output/20260507_18z_l2_72h_20260513T124307Z,20260507_18z_l2_72h_20260513T124307Z,20260507_18z,2026-05-07T18:00:00+00:00,CPU-WRF,"d01:73 L0-72, d02:73 L0-72","surf=T2,U10,V10,PSFC,RAINNC; 3d=T,U,V,W,QVAPOR",-,146,0,0,0,
/mnt/data/canairy_meteo/runs/wrf_l2_backfill_output/20260508_18z_l2_72h_20260512T161222Z,20260508_18z_l2_72h_20260512T161222Z,20260508_18z,2026-05-08T18:00:00+00:00,CPU-WRF,"d01:73 L0-72, d02:73 L0-72","surf=T2,U10,V10,PSFC,RAINNC; 3d=T,U,V,W,QVAPOR",-,146,0,0,0,
/mnt/data/canairy_meteo/runs/wrf_l2/20260509_18z_l2_72h_20260511T190519Z,20260509_18z_l2_72h_20260511T190519Z,20260509_18z,2026-05-09T18:00:00+00:00,CPU-WRF,"d01:73 L0-72, d02:73 L0-72","surf=T2,U10,V10,PSFC,RAINNC; 3d=T,U,V,W,QVAPOR","mp_physics=8, 8 bl_pbl_physics=5, 5 sf_sfclay_physics=5, 5 ra_lw_physics=4, 4 ra_sw_physics=4, 4 cu_physics=1, 0",146,2,1,0,
/mnt/data/canairy_meteo/runs/wrf_l3/20260509_18z_l3_24h_20260511T190519Z,20260509_18z_l3_24h_20260511T190519Z,20260509_18z,2026-05-09T18:00:00+00:00,CPU-WRF,"d01:25 L0-24, d02:25 L0-24, d03:25 L0-24, d04:25 L0-24, d05:25 L0-24","surf=T2,U10,V10,PSFC,RAINNC; 3d=T,U,V,W,QVAPOR","mp_physics=8, 8, 8, 8, 8 bl_pbl_physics=5, 5, 5, 5, 5 sf_sfclay_physics=5, 5, 5, 5, 5 ra_lw_physics=4, 4, 4, 4, 4 ra_sw_physics=4, 4, 4, 4, 4 cu_physics=1, 0, 0, 0, 0",125,5,1,0,
/mnt/data/canairy_meteo/runs/wrf_l3/20260509_18z_l3_24h_20260512T154354Z,20260509_18z_l3_24h_20260512T154354Z,20260509_18z,2026-05-09T18:00:00+00:00,CPU-WRF,"d01:3 L0-2, d02:3 L0-2, d03:3 L0-2, d04:3 L0-2, d05:3 L0-2","surf=T2,U10,V10,PSFC,RAINNC; 3d=T,U,V,W,QVAPOR","mp_physics=8, 8, 8, 8, 8 bl_pbl_physics=5, 5, 5, 5, 5 sf_sfclay_physics=5, 5, 5, 5, 5 ra_lw_physics=4, 4, 4, 4, 4 ra_sw_physics=4, 4, 4, 4, 4 cu_physics=1, 0, 0, 0, 0",15,5,1,0,
/mnt/data/canairy_meteo/runs/wrf_l2_backfill_output/20260510_18z_l2_72h_20260511T124717Z,20260510_18z_l2_72h_20260511T124717Z,20260510_18z,2026-05-10T18:00:00+00:00,CPU-WRF,"d01:73 L0-72, d02:73 L0-72","surf=T2,U10,V10,PSFC,RAINNC; 3d=T,U,V,W,QVAPOR",-,146,0,0,0,
/mnt/data/canairy_meteo/runs/wrf_l2_backfill_output/20260511_18z_l2_72h_20260512T045528Z,20260511_18z_l2_72h_20260512T045528Z,20260511_18z,2026-05-11T18:00:00+00:00,CPU-WRF,"d01:73 L0-72, d02:73 L0-72","surf=T2,U10,V10,PSFC,RAINNC; 3d=T,U,V,W,QVAPOR",-,146,0,0,0,
/mnt/data/canairy_meteo/runs/wrf_l2_backfill_output/20260512_18z_l2_72h_20260513T014823Z,20260512_18z_l2_72h_20260513T014823Z,20260512_18z,2026-05-12T18:00:00+00:00,CPU-WRF,"d01:73 L0-72, d02:73 L0-72","surf=T2,U10,V10,PSFC,RAINNC; 3d=T,U,V,W,QVAPOR",-,146,0,0,0,
/mnt/data/canairy_meteo/runs/surface_geo_v2_1/20260513_18z_l3_v21/wrf_l3_24h,wrf_l3_24h,20260513_18z,2026-05-13T18:00:00+00:00,CPU-WRF,"d01:25 L0-24, d02:25 L0-24, d03:25 L0-24","surf=T2,U10,V10,PSFC,RAINNC; 3d=T,U,V,W,QVAPOR","mp_physics=8, 8, 8 bl_pbl_physics=5, 5, 5 sf_sfclay_physics=5, 5, 5 ra_lw_physics=4, 4, 4 ra_sw_physics=4, 4, 4 cu_physics=1, 0, 0",75,3,1,39,
/mnt/data/canairy_meteo/runs/surface_geo_v2_1/20260513_18z_l3_v21_broken_backup/wrf_l3_24h,wrf_l3_24h,20260513_18z,2026-05-13T18:00:00+00:00,CPU-WRF,"d01:25 L0-24, d02:25 L0-24, d03:25 L0-24","surf=T2,U10,V10,PSFC,RAINNC; 3d=T,U,V,W,QVAPOR","mp_physics=8, 8, 8 bl_pbl_physics=5, 5, 5 sf_sfclay_physics=5, 5, 5 ra_lw_physics=4, 4, 4 ra_sw_physics=4, 4, 4 cu_physics=1, 0, 0",75,3,1,39,
/mnt/data/canairy_meteo/runs/surface_geo_v2_1/20260513_18z_l3_v21_iter1/wrf_l3_24h,wrf_l3_24h,20260513_18z,2026-05-13T18:00:00+00:00,CPU-WRF,"d01:25 L0-24, d02:25 L0-24, d03:25 L0-24","surf=T2,U10,V10,PSFC,RAINNC; 3d=T,U,V,W,QVAPOR","mp_physics=8, 8, 8 bl_pbl_physics=5, 5, 5 sf_sfclay_physics=5, 5, 5 ra_lw_physics=4, 4, 4 ra_sw_physics=4, 4, 4 cu_physics=1, 0, 0",75,3,1,39,
/mnt/data/canairy_meteo/runs/wrf_l2_backfill_output/20260513_18z_l2_72h_20260514T054102Z,20260513_18z_l2_72h_20260514T054102Z,20260513_18z,2026-05-13T18:00:00+00:00,CPU-WRF,"d01:73 L0-72, d02:73 L0-72","surf=T2,U10,V10,PSFC,RAINNC; 3d=T,U,V,W,QVAPOR",-,146,0,0,0,
/mnt/data/canairy_meteo/runs/wrf_l2/20260521_18z_l2_72h_20260522T133443Z,20260521_18z_l2_72h_20260522T133443Z,20260521_18z,2026-05-21T18:00:00+00:00,CPU-WRF,"d01:20 L0-19, d02:20 L0-19","surf=T2,U10,V10,PSFC,RAINNC; 3d=T,U,V,W,QVAPOR","mp_physics=8, 8 bl_pbl_physics=5, 5 sf_sfclay_physics=5, 5 ra_lw_physics=4, 4 ra_sw_physics=4, 4 cu_physics=1, 0",40,2,1,65,
/mnt/data/canairy_meteo/runs/wrf_l3/20260521_18z_l3_24h_20260522T072630Z,20260521_18z_l3_24h_20260522T072630Z,20260521_18z,2026-05-21T18:00:00+00:00,CPU-WRF,"d01:9 L0-8, d02:9 L0-8, d03:9 L0-8, d04:9 L0-8, d05:9 L0-8","surf=T2,U10,V10,PSFC,RAINNC; 3d=T,U,V,W,QVAPOR","mp_physics=8, 8, 8, 8, 8 bl_pbl_physics=5, 5, 5, 5, 5 sf_sfclay_physics=5, 5, 5, 5, 5 ra_lw_physics=4, 4, 4, 4, 4 ra_sw_physics=4, 4, 4, 4, 4 cu_physics=1, 0, 0, 0, 0",45,5,1,65,
/mnt/data/canairy_meteo/runs/wrf_l3/20260521_18z_l3_24h_20260522T133443Z,20260521_18z_l3_24h_20260522T133443Z,20260521_18z,2026-05-21T18:00:00+00:00,CPU-WRF,"d01:25 L0-24, d02:25 L0-24, d03:25 L0-24, d04:25 L0-24, d05:25 L0-24","surf=T2,U10,V10,PSFC,RAINNC; 3d=T,U,V,W,QVAPOR","mp_physics=8, 8, 8, 8, 8 bl_pbl_physics=5, 5, 5, 5, 5 sf_sfclay_physics=5, 5, 5, 5, 5 ra_lw_physics=4, 4, 4, 4, 4 ra_sw_physics=4, 4, 4, 4, 4 cu_physics=1, 0, 0, 0, 0",125,5,1,65,
/mnt/data/canairy_meteo/runs/wrf_l2_backfill_output/20260530_18z_l2_72h_20260531T161057Z,20260530_18z_l2_72h_20260531T161057Z,20260530_18z,2026-05-30T18:00:00+00:00,CPU-WRF,"d01:73 L0-72, d02:73 L0-72","surf=T2,U10,V10,PSFC,RAINNC; 3d=T,U,V,W,QVAPOR",-,146,0,0,0,
/mnt/data/canairy_meteo/runs/wrf_l3/20260530_18z_l3_24h_20260531T050849Z,20260530_18z_l3_24h_20260531T050849Z,20260530_18z,2026-05-30T18:00:00+00:00,CPU-WRF,"d01:2 L0-1, d02:2 L0-1, d03:2 L0-1, d04:2 L0-1, d05:2 L0-1","surf=T2,U10,V10,PSFC,RAINNC; 3d=T,U,V,W,QVAPOR","mp_physics=8, 8, 8, 8, 8 bl_pbl_physics=5, 5, 5, 5, 5 sf_sfclay_physics=5, 5, 5, 5, 5 ra_lw_physics=4, 4, 4, 4, 4 ra_sw_physics=4, 4, 4, 4, 4 cu_physics=1, 0, 0, 0, 0",10,5,1,65,
/mnt/data/canairy_meteo/runs/wrf_l3/20260531_18z_l3_24h_20260601T125256Z,20260531_18z_l3_24h_20260601T125256Z,20260531_18z,2026-05-31T18:00:00+00:00,CPU-WRF,"d01:2 L0-1, d02:2 L0-1, d03:2 L0-1, d04:2 L0-1, d05:2 L0-1","surf=T2,U10,V10,PSFC,RAINNC; 3d=T,U,V,W,QVAPOR","mp_physics=8, 8, 8, 8, 8 bl_pbl_physics=5, 5, 5, 5, 5 sf_sfclay_physics=5, 5, 5, 5, 5 ra_lw_physics=4, 4, 4, 4, 4 ra_sw_physics=4, 4, 4, 4, 4 cu_physics=1, 0, 0, 0, 0",10,5,1,65,
/mnt/data/canairy_meteo/gate_2way_v013/out,out,,2026-06-01T03:00:00+00:00,GPU/JAX GPUWRF,"d01:12 L-8-3, d02:12 L-8-3, d03:12 L-8-3","surf=T2,U10,V10,PSFC,RAINNC; 3d=T,U,V,W,QVAPOR",-,36,0,0,0,
/mnt/data/canairy_meteo/gate_2way_v013c/out,out,,2026-06-01T03:00:00+00:00,GPU/JAX GPUWRF,"d01:14 L-8-5, d02:14 L-8-5, d03:14 L-8-5","surf=T2,U10,V10,PSFC,RAINNC; 3d=T,U,V,W,QVAPOR",-,42,0,0,0,
/tmp/v0120_powered_tost_runs/l2_d02_20260429_18z_l2_72h_20260524T204451Z,l2_d02_20260429_18z_l2_72h_20260524T204451Z,20260429_18z,2026-04-29T18:00:00+00:00,GPU/JAX GPUWRF,"d01:16 L1-16, d02:16 L1-16","surf=T2,U10,V10,PSFC,RAINNC; 3d=T,U,V,W,QVAPOR",-,32,0,0,0,
/mnt/data/canairy_meteo/gate_2way_d02_v013/out,out,20260531_18z,2026-05-31T18:00:00+00:00,GPU/JAX GPUWRF,"d01:24 L1-24, d02:24 L1-24","surf=T2,U10,V10,PSFC,RAINNC; 3d=T,U,V,W,QVAPOR",d01:cu=1 gwd=1; d02:cu=0 gwd=1,48,0,0,0,
/mnt/data/canairy_meteo/gate_gwd_nested_v013b/out,out,20260531_18z,2026-05-31T18:00:00+00:00,GPU/JAX GPUWRF,"d01:24 L1-24, d02:24 L1-24, d03:24 L1-24","surf=T2,U10,V10,PSFC,RAINNC; 3d=T,U,V,W,QVAPOR",d01:cu=1 gwd=1; d02:cu=0 gwd=1; d03:cu=0 gwd=1,72,0,0,0,
/mnt/data/canairy_meteo/gate_revalidate_gwd8/out,out,20260531_18z,2026-05-31T18:00:00+00:00,GPU/JAX GPUWRF,"d01:24 L1-24, d02:24 L1-24, d03:24 L1-24","surf=T2,U10,V10,PSFC,RAINNC; 3d=T,U,V,W,QVAPOR",d01:cu=1 gwd=0; d02:cu=0 gwd=0; d03:cu=0 gwd=0,72,0,0,0,
/home/enric/src/wrf_gpu2/.claude/worktrees/gpt-canary-stats/proofs/m20/tost_run/gpu_wrfout/case2_L2,case2_L2,20260509_18z,2026-05-09T18:00:00+00:00,GPU/JAX proof-output,d02:34 L39-72,"surf=T2,U10,V10; 3d=-",-,34,0,0,0,/mnt/data/canairy_meteo/runs/wrf_l2/20260509_18z_l2_72h_20260511T190519Z
/home/enric/src/wrf_gpu2/.claude/worktrees/gpt-canary-stats/proofs/m20/tost_run/gpu_wrfout/case3_L3,case3_L3,20260521_18z,2026-05-21T18:00:00+00:00,GPU/JAX proof-output,d02:24 L1-24,"surf=T2,U10,V10; 3d=-",-,24,0,0,0,/mnt/data/canairy_meteo/runs/wrf_l3/20260521_18z_l3_24h_20260522T133443Z
/home/enric/src/wrf_gpu2/.claude/worktrees/gpt-canary-stats/proofs/m20/tost_run/gpu_wrfout/case1_L2,case1_L2,20260529_18z,2026-05-29T18:00:00+00:00,GPU/JAX proof-output,d02:72 L1-72,"surf=T2,U10,V10; 3d=-",-,72,0,0,0,/mnt/data/canairy_meteo/runs/wrf_l2/20260529_18z_l2_72h_20260530T054804Z
/home/enric/src/wrf_gpu2/.claude/worktrees/gpt-canary-stats/proofs/m20/tost_run/gpu_wrfout/case1_L3,case1_L3,20260529_18z,2026-05-29T18:00:00+00:00,GPU/JAX proof-output,d02:24 L1-24,"surf=T2,U10,V10; 3d=-",-,24,0,0,0,/mnt/data/canairy_meteo/runs/wrf_l3/20260529_18z_l3_24h_20260530T054804Z
/mnt/data/canairy_meteo/runs/terrain_sweep/elmedano_patch/wps_l3,wps_l3,,,forcing/input-only,-,-,-,0,0,0,39,
/mnt/data/canairy_meteo/runs/terrain_sweep/elmedano_patch/wrf_l3_25h,wrf_l3_25h,,,forcing/input-only,-,-,"mp_physics=8, 8, 8 bl_pbl_physics=5, 5, 5 sf_sfclay_physics=5, 5, 5 ra_lw_physics=4, 4, 4 ra_sw_physics=4, 4, 4 cu_physics=1, 0, 0",0,3,1,39,
/mnt/data/canairy_meteo/runs/terrain_sweep/pine_revert/wps_l3,wps_l3,,,forcing/input-only,-,-,-,0,0,0,39,
/mnt/data/canairy_meteo/runs/terrain_sweep/pine_revert/wrf_l3_25h,wrf_l3_25h,,,forcing/input-only,-,-,"mp_physics=8, 8, 8 bl_pbl_physics=5, 5, 5 sf_sfclay_physics=5, 5, 5 ra_lw_physics=4, 4, 4 ra_sw_physics=4, 4, 4 cu_physics=1, 0, 0",0,3,1,39,
/mnt/data/canairy_meteo/runs/terrain_sweep/v1_control/wps_l3,wps_l3,,,forcing/input-only,-,-,-,0,0,0,39,
/mnt/data/canairy_meteo/runs/terrain_sweep/v21_fixed/wps_l3,wps_l3,,,forcing/input-only,-,-,-,0,0,0,39,
/mnt/data/canairy_meteo/runs/terrain_sweep/v21_fixed/wrf_l3_25h,wrf_l3_25h,,,forcing/input-only,-,-,"mp_physics=8, 8, 8 bl_pbl_physics=5, 5, 5 sf_sfclay_physics=5, 5, 5 ra_lw_physics=4, 4, 4 ra_sw_physics=4, 4, 4 cu_physics=1, 0, 0",0,3,1,39,
/mnt/data/canairy_meteo/runs/wps_cases/20260428_18z_72h/l3,l3,20260428_18z,2026-04-28T18:00:00+00:00,forcing/input-only,-,-,-,0,0,0,65,
/mnt/data/canairy_meteo/runs/wps_cases/20260429_18z_72h/l3,l3,20260429_18z,2026-04-29T18:00:00+00:00,forcing/input-only,-,-,-,0,0,0,65,
/mnt/data/canairy_meteo/runs/wrf_l2/20260429_18z_l2_72h_20260524T204451Z,20260429_18z_l2_72h_20260524T204451Z,20260429_18z,2026-04-29T18:00:00+00:00,forcing/input-only,-,-,"mp_physics=8, 8 bl_pbl_physics=5, 5 sf_sfclay_physics=5, 5 ra_lw_physics=4, 4 ra_sw_physics=4, 4 cu_physics=1, 0",0,2,1,65,
/mnt/data/canairy_meteo/runs/wrf_l3/20260429_18z_l3_24h_20260524T204451Z,20260429_18z_l3_24h_20260524T204451Z,20260429_18z,2026-04-29T18:00:00+00:00,forcing/input-only,-,-,"mp_physics=8, 8, 8, 8, 8 bl_pbl_physics=5, 5, 5, 5, 5 sf_sfclay_physics=5, 5, 5, 5, 5 ra_lw_physics=4, 4, 4, 4, 4 ra_sw_physics=4, 4, 4, 4, 4 cu_physics=1, 0, 0, 0, 0",0,5,1,65,
/mnt/data/canairy_meteo/runs/wrf_l2/20260430_18z_l2_72h_20260520T191306Z,20260430_18z_l2_72h_20260520T191306Z,20260430_18z,2026-04-30T18:00:00+00:00,forcing/input-only,-,-,"mp_physics=8, 8 bl_pbl_physics=5, 5 sf_sfclay_physics=5, 5 ra_lw_physics=4, 4 ra_sw_physics=4, 4 cu_physics=1, 0",0,2,1,0,
/mnt/data/canairy_meteo/runs/wrf_l3/20260430_18z_l3_24h_20260520T191306Z,20260430_18z_l3_24h_20260520T191306Z,20260430_18z,2026-04-30T18:00:00+00:00,forcing/input-only,-,-,"mp_physics=8, 8, 8, 8, 8 bl_pbl_physics=5, 5, 5, 5, 5 sf_sfclay_physics=5, 5, 5, 5, 5 ra_lw_physics=4, 4, 4, 4, 4 ra_sw_physics=4, 4, 4, 4, 4 cu_physics=1, 0, 0, 0, 0",0,5,1,0,
/mnt/data/canairy_meteo/runs/wrf_l2/20260501_18z_l2_72h_20260519T173026Z,20260501_18z_l2_72h_20260519T173026Z,20260501_18z,2026-05-01T18:00:00+00:00,forcing/input-only,-,-,"mp_physics=8, 8 bl_pbl_physics=5, 5 sf_sfclay_physics=5, 5 ra_lw_physics=4, 4 ra_sw_physics=4, 4 cu_physics=1, 0",0,2,1,0,
/mnt/data/canairy_meteo/runs/wrf_l3/20260501_18z_l3_24h_20260519T173026Z,20260501_18z_l3_24h_20260519T173026Z,20260501_18z,2026-05-01T18:00:00+00:00,forcing/input-only,-,-,"mp_physics=8, 8, 8, 8, 8 bl_pbl_physics=5, 5, 5, 5, 5 sf_sfclay_physics=5, 5, 5, 5, 5 ra_lw_physics=4, 4, 4, 4, 4 ra_sw_physics=4, 4, 4, 4, 4 cu_physics=1, 0, 0, 0, 0",0,5,1,0,
/mnt/data/canairy_meteo/runs/wrf_l2/20260502_18z_l2_72h_20260520T103946Z,20260502_18z_l2_72h_20260520T103946Z,20260502_18z,2026-05-02T18:00:00+00:00,forcing/input-only,-,-,"mp_physics=8, 8 bl_pbl_physics=5, 5 sf_sfclay_physics=5, 5 ra_lw_physics=4, 4 ra_sw_physics=4, 4 cu_physics=1, 0",0,2,1,0,
/mnt/data/canairy_meteo/runs/wrf_l3/20260502_18z_l3_24h_20260520T103946Z,20260502_18z_l3_24h_20260520T103946Z,20260502_18z,2026-05-02T18:00:00+00:00,forcing/input-only,-,-,"mp_physics=8, 8, 8, 8, 8 bl_pbl_physics=5, 5, 5, 5, 5 sf_sfclay_physics=5, 5, 5, 5, 5 ra_lw_physics=4, 4, 4, 4, 4 ra_sw_physics=4, 4, 4, 4, 4 cu_physics=1, 0, 0, 0, 0",0,5,1,0,
/mnt/data/canairy_meteo/runs/wrf_l2/20260503_18z_l2_72h_20260518T205545Z,20260503_18z_l2_72h_20260518T205545Z,20260503_18z,2026-05-03T18:00:00+00:00,forcing/input-only,-,-,"mp_physics=8, 8 bl_pbl_physics=5, 5 sf_sfclay_physics=5, 5 ra_lw_physics=4, 4 ra_sw_physics=4, 4 cu_physics=1, 0",0,2,1,0,
/mnt/data/canairy_meteo/runs/wrf_l3/20260503_18z_l3_24h_20260518T205545Z,20260503_18z_l3_24h_20260518T205545Z,20260503_18z,2026-05-03T18:00:00+00:00,forcing/input-only,-,-,"mp_physics=8, 8, 8, 8, 8 bl_pbl_physics=5, 5, 5, 5, 5 sf_sfclay_physics=5, 5, 5, 5, 5 ra_lw_physics=4, 4, 4, 4, 4 ra_sw_physics=4, 4, 4, 4, 4 cu_physics=1, 0, 0, 0, 0",0,5,1,0,
/mnt/data/canairy_meteo/runs/wrf_l2/20260504_18z_l2_72h_20260515T061907Z,20260504_18z_l2_72h_20260515T061907Z,20260504_18z,2026-05-04T18:00:00+00:00,forcing/input-only,-,-,"mp_physics=8, 8 bl_pbl_physics=5, 5 sf_sfclay_physics=5, 5 ra_lw_physics=4, 4 ra_sw_physics=4, 4 cu_physics=1, 0",0,2,1,0,
/mnt/data/canairy_meteo/runs/wrf_l3/20260504_18z_l3_24h_20260510T220304Z,20260504_18z_l3_24h_20260510T220304Z,20260504_18z,2026-05-04T18:00:00+00:00,forcing/input-only,-,-,"mp_physics=8, 8, 8 bl_pbl_physics=5, 5, 5 sf_sfclay_physics=5, 5, 5 ra_lw_physics=4, 4, 4 ra_sw_physics=4, 4, 4 cu_physics=1, 0, 0",0,3,1,0,
/mnt/data/canairy_meteo/runs/wrf_l3/20260504_18z_l3_24h_20260515T061907Z,20260504_18z_l3_24h_20260515T061907Z,20260504_18z,2026-05-04T18:00:00+00:00,forcing/input-only,-,-,"mp_physics=8, 8, 8, 8, 8 bl_pbl_physics=5, 5, 5, 5, 5 sf_sfclay_physics=5, 5, 5, 5, 5 ra_lw_physics=4, 4, 4, 4, 4 ra_sw_physics=4, 4, 4, 4, 4 cu_physics=1, 0, 0, 0, 0",0,5,1,0,
/mnt/data/canairy_meteo/runs/wrf_l2/20260505_18z_l2_72h_20260518T074056Z,20260505_18z_l2_72h_20260518T074056Z,20260505_18z,2026-05-05T18:00:00+00:00,forcing/input-only,-,-,"mp_physics=8, 8 bl_pbl_physics=5, 5 sf_sfclay_physics=5, 5 ra_lw_physics=4, 4 ra_sw_physics=4, 4 cu_physics=1, 0",0,2,1,0,
/mnt/data/canairy_meteo/runs/wrf_l3/20260505_18z_l3_24h_20260514T150119Z,20260505_18z_l3_24h_20260514T150119Z,20260505_18z,2026-05-05T18:00:00+00:00,forcing/input-only,-,-,"mp_physics=8, 8, 8, 8, 8 bl_pbl_physics=5, 5, 5, 5, 5 sf_sfclay_physics=5, 5, 5, 5, 5 ra_lw_physics=4, 4, 4, 4, 4 ra_sw_physics=4, 4, 4, 4, 4 cu_physics=1, 0, 0, 0, 0",0,5,1,0,
/mnt/data/canairy_meteo/runs/wrf_l3/20260505_18z_l3_24h_20260518T074056Z,20260505_18z_l3_24h_20260518T074056Z,20260505_18z,2026-05-05T18:00:00+00:00,forcing/input-only,-,-,"mp_physics=8, 8, 8, 8, 8 bl_pbl_physics=5, 5, 5, 5, 5 sf_sfclay_physics=5, 5, 5, 5, 5 ra_lw_physics=4, 4, 4, 4, 4 ra_sw_physics=4, 4, 4, 4, 4 cu_physics=1, 0, 0, 0, 0",0,5,1,0,
/mnt/data/canairy_meteo/runs/wrf_l2/20260506_18z_l2_72h_20260513T222831Z,20260506_18z_l2_72h_20260513T222831Z,20260506_18z,2026-05-06T18:00:00+00:00,forcing/input-only,-,-,"mp_physics=8, 8 bl_pbl_physics=5, 5 sf_sfclay_physics=5, 5 ra_lw_physics=4, 4 ra_sw_physics=4, 4 cu_physics=1, 0",0,2,1,0,
/mnt/data/canairy_meteo/runs/wrf_l3/20260506_18z_l3_24h_20260513T222831Z,20260506_18z_l3_24h_20260513T222831Z,20260506_18z,2026-05-06T18:00:00+00:00,forcing/input-only,-,-,"mp_physics=8, 8, 8, 8, 8 bl_pbl_physics=5, 5, 5, 5, 5 sf_sfclay_physics=5, 5, 5, 5, 5 ra_lw_physics=4, 4, 4, 4, 4 ra_sw_physics=4, 4, 4, 4, 4 cu_physics=1, 0, 0, 0, 0",0,5,1,0,
/mnt/data/canairy_meteo/runs/wrf_l2/20260507_18z_l2_72h_20260513T124307Z,20260507_18z_l2_72h_20260513T124307Z,20260507_18z,2026-05-07T18:00:00+00:00,forcing/input-only,-,-,"mp_physics=8, 8 bl_pbl_physics=5, 5 sf_sfclay_physics=5, 5 ra_lw_physics=4, 4 ra_sw_physics=4, 4 cu_physics=1, 0",0,2,1,0,
/mnt/data/canairy_meteo/runs/wrf_l3/20260507_18z_l3_24h_20260513T124307Z,20260507_18z_l3_24h_20260513T124307Z,20260507_18z,2026-05-07T18:00:00+00:00,forcing/input-only,-,-,"mp_physics=8, 8, 8, 8, 8 bl_pbl_physics=5, 5, 5, 5, 5 sf_sfclay_physics=5, 5, 5, 5, 5 ra_lw_physics=4, 4, 4, 4, 4 ra_sw_physics=4, 4, 4, 4, 4 cu_physics=1, 0, 0, 0, 0",0,5,1,0,
/mnt/data/canairy_meteo/runs/wrf_l2/20260508_18z_l2_72h_20260512T161222Z,20260508_18z_l2_72h_20260512T161222Z,20260508_18z,2026-05-08T18:00:00+00:00,forcing/input-only,-,-,"mp_physics=8, 8 bl_pbl_physics=5, 5 sf_sfclay_physics=5, 5 ra_lw_physics=4, 4 ra_sw_physics=4, 4 cu_physics=1, 0",0,2,1,0,
/mnt/data/canairy_meteo/runs/wrf_l3/20260508_18z_l3_24h_20260512T161222Z,20260508_18z_l3_24h_20260512T161222Z,20260508_18z,2026-05-08T18:00:00+00:00,forcing/input-only,-,-,"mp_physics=8, 8, 8, 8, 8 bl_pbl_physics=5, 5, 5, 5, 5 sf_sfclay_physics=5, 5, 5, 5, 5 ra_lw_physics=4, 4, 4, 4, 4 ra_sw_physics=4, 4, 4, 4, 4 cu_physics=1, 0, 0, 0, 0",0,5,1,0,
/mnt/data/canairy_meteo/runs/wrf_l3/20260509_18z_l3_24h_20260511T091615Z,20260509_18z_l3_24h_20260511T091615Z,20260509_18z,2026-05-09T18:00:00+00:00,forcing/input-only,-,-,"mp_physics=8, 8, 8, 8, 8 bl_pbl_physics=5, 5, 5, 5, 5 sf_sfclay_physics=5, 5, 5, 5, 5 ra_lw_physics=4, 4, 4, 4, 4 ra_sw_physics=4, 4, 4, 4, 4 cu_physics=1, 0, 0, 0, 0",0,5,1,0,
/mnt/data/canairy_meteo/runs/wrf_l2/20260510_18z_l2_72h_20260511T124717Z,20260510_18z_l2_72h_20260511T124717Z,20260510_18z,2026-05-10T18:00:00+00:00,forcing/input-only,-,-,"mp_physics=8, 8 bl_pbl_physics=5, 5 sf_sfclay_physics=5, 5 ra_lw_physics=4, 4 ra_sw_physics=4, 4 cu_physics=1, 0",0,2,1,0,
/mnt/data/canairy_meteo/runs/wrf_l3/20260510_18z_l3_24h_20260511T124717Z,20260510_18z_l3_24h_20260511T124717Z,20260510_18z,2026-05-10T18:00:00+00:00,forcing/input-only,-,-,"mp_physics=8, 8, 8, 8, 8 bl_pbl_physics=5, 5, 5, 5, 5 sf_sfclay_physics=5, 5, 5, 5, 5 ra_lw_physics=4, 4, 4, 4, 4 ra_sw_physics=4, 4, 4, 4, 4 cu_physics=1, 0, 0, 0, 0",0,5,1,0,
/mnt/data/canairy_meteo/runs/wrf_l2/20260511_18z_l2_72h_20260512T045528Z,20260511_18z_l2_72h_20260512T045528Z,20260511_18z,2026-05-11T18:00:00+00:00,forcing/input-only,-,-,"mp_physics=8, 8 bl_pbl_physics=5, 5 sf_sfclay_physics=5, 5 ra_lw_physics=4, 4 ra_sw_physics=4, 4 cu_physics=1, 0",0,2,1,0,
/mnt/data/canairy_meteo/runs/wrf_l3/20260511_18z_l3_24h_20260512T045528Z,20260511_18z_l3_24h_20260512T045528Z,20260511_18z,2026-05-11T18:00:00+00:00,forcing/input-only,-,-,"mp_physics=8, 8, 8, 8, 8 bl_pbl_physics=5, 5, 5, 5, 5 sf_sfclay_physics=5, 5, 5, 5, 5 ra_lw_physics=4, 4, 4, 4, 4 ra_sw_physics=4, 4, 4, 4, 4 cu_physics=1, 0, 0, 0, 0",0,5,1,0,
/mnt/data/canairy_meteo/runs/wrf_l2/20260512_18z_l2_72h_20260513T014823Z,20260512_18z_l2_72h_20260513T014823Z,20260512_18z,2026-05-12T18:00:00+00:00,forcing/input-only,-,-,"mp_physics=8, 8 bl_pbl_physics=5, 5 sf_sfclay_physics=5, 5 ra_lw_physics=4, 4 ra_sw_physics=4, 4 cu_physics=1, 0",0,2,1,0,
/mnt/data/canairy_meteo/runs/wrf_l3/20260512_18z_l3_24h_20260513T014823Z,20260512_18z_l3_24h_20260513T014823Z,20260512_18z,2026-05-12T18:00:00+00:00,forcing/input-only,-,-,"mp_physics=8, 8, 8, 8, 8 bl_pbl_physics=5, 5, 5, 5, 5 sf_sfclay_physics=5, 5, 5, 5, 5 ra_lw_physics=4, 4, 4, 4, 4 ra_sw_physics=4, 4, 4, 4, 4 cu_physics=1, 0, 0, 0, 0",0,5,1,0,
/mnt/data/canairy_meteo/runs/surface_geo_v2_1/20260513_18z_l3_v21/wps_l3,wps_l3,20260513_18z,2026-05-13T18:00:00+00:00,forcing/input-only,-,-,-,0,0,0,39,
/mnt/data/canairy_meteo/runs/surface_geo_v2_1/20260513_18z_l3_v21_broken_backup/wps_l3,wps_l3,20260513_18z,2026-05-13T18:00:00+00:00,forcing/input-only,-,-,-,0,0,0,39,
/mnt/data/canairy_meteo/runs/surface_geo_v2_1/20260513_18z_l3_v21_iter1/wps_l3,wps_l3,20260513_18z,2026-05-13T18:00:00+00:00,forcing/input-only,-,-,-,0,0,0,39,
/mnt/data/canairy_meteo/runs/wrf_l2/20260513_18z_l2_72h_20260514T054102Z,20260513_18z_l2_72h_20260514T054102Z,20260513_18z,2026-05-13T18:00:00+00:00,forcing/input-only,-,-,"mp_physics=8, 8 bl_pbl_physics=5, 5 sf_sfclay_physics=5, 5 ra_lw_physics=4, 4 ra_sw_physics=4, 4 cu_physics=1, 0",0,2,1,0,
/mnt/data/canairy_meteo/runs/wrf_l3/20260513_18z_l3_24h_20260514T054102Z,20260513_18z_l3_24h_20260514T054102Z,20260513_18z,2026-05-13T18:00:00+00:00,forcing/input-only,-,-,"mp_physics=8, 8, 8, 8, 8 bl_pbl_physics=5, 5, 5, 5, 5 sf_sfclay_physics=5, 5, 5, 5, 5 ra_lw_physics=4, 4, 4, 4, 4 ra_sw_physics=4, 4, 4, 4, 4 cu_physics=1, 0, 0, 0, 0",0,5,1,0,
/mnt/data/canairy_meteo/runs/wrf_l2/20260514_18z_l2_72h_20260517T145509Z,20260514_18z_l2_72h_20260517T145509Z,20260514_18z,2026-05-14T18:00:00+00:00,forcing/input-only,-,-,"mp_physics=8, 8 bl_pbl_physics=5, 5 sf_sfclay_physics=5, 5 ra_lw_physics=4, 4 ra_sw_physics=4, 4 cu_physics=1, 0",0,2,1,0,
/mnt/data/canairy_meteo/runs/wrf_l3/20260514_18z_l3_24h_20260517T145509Z,20260514_18z_l3_24h_20260517T145509Z,20260514_18z,2026-05-14T18:00:00+00:00,forcing/input-only,-,-,"mp_physics=8, 8, 8, 8, 8 bl_pbl_physics=5, 5, 5, 5, 5 sf_sfclay_physics=5, 5, 5, 5, 5 ra_lw_physics=4, 4, 4, 4, 4 ra_sw_physics=4, 4, 4, 4, 4 cu_physics=1, 0, 0, 0, 0",0,5,1,0,
/mnt/data/canairy_meteo/runs/wrf_l2/20260515_18z_l2_72h_20260517T064752Z,20260515_18z_l2_72h_20260517T064752Z,20260515_18z,2026-05-15T18:00:00+00:00,forcing/input-only,-,-,"mp_physics=8, 8 bl_pbl_physics=5, 5 sf_sfclay_physics=5, 5 ra_lw_physics=4, 4 ra_sw_physics=4, 4 cu_physics=1, 0",0,2,1,0,
/mnt/data/canairy_meteo/runs/wrf_l3/20260515_18z_l3_24h_20260517T064752Z,20260515_18z_l3_24h_20260517T064752Z,20260515_18z,2026-05-15T18:00:00+00:00,forcing/input-only,-,-,"mp_physics=8, 8, 8, 8, 8 bl_pbl_physics=5, 5, 5, 5, 5 sf_sfclay_physics=5, 5, 5, 5, 5 ra_lw_physics=4, 4, 4, 4, 4 ra_sw_physics=4, 4, 4, 4, 4 cu_physics=1, 0, 0, 0, 0",0,5,1,0,
/mnt/data/canairy_meteo/runs/wrf_l2/20260516_18z_l2_72h_20260516T234038Z,20260516_18z_l2_72h_20260516T234038Z,20260516_18z,2026-05-16T18:00:00+00:00,forcing/input-only,-,-,"mp_physics=8, 8 bl_pbl_physics=5, 5 sf_sfclay_physics=5, 5 ra_lw_physics=4, 4 ra_sw_physics=4, 4 cu_physics=1, 0",0,2,1,0,
/mnt/data/canairy_meteo/runs/wrf_l3/20260516_18z_l3_24h_20260516T234038Z,20260516_18z_l3_24h_20260516T234038Z,20260516_18z,2026-05-16T18:00:00+00:00,forcing/input-only,-,-,"mp_physics=8, 8, 8, 8, 8 bl_pbl_physics=5, 5, 5, 5, 5 sf_sfclay_physics=5, 5, 5, 5, 5 ra_lw_physics=4, 4, 4, 4, 4 ra_sw_physics=4, 4, 4, 4, 4 cu_physics=1, 0, 0, 0, 0",0,5,1,0,
/mnt/data/canairy_meteo/runs/wrf_l2/20260517_18z_l2_72h_20260518T004341Z,20260517_18z_l2_72h_20260518T004341Z,20260517_18z,2026-05-17T18:00:00+00:00,forcing/input-only,-,-,"mp_physics=8, 8 bl_pbl_physics=5, 5 sf_sfclay_physics=5, 5 ra_lw_physics=4, 4 ra_sw_physics=4, 4 cu_physics=1, 0",0,2,1,0,
/mnt/data/canairy_meteo/runs/wrf_l3/20260517_18z_l3_24h_20260518T004341Z,20260517_18z_l3_24h_20260518T004341Z,20260517_18z,2026-05-17T18:00:00+00:00,forcing/input-only,-,-,"mp_physics=8, 8, 8, 8, 8 bl_pbl_physics=5, 5, 5, 5, 5 sf_sfclay_physics=5, 5, 5, 5, 5 ra_lw_physics=4, 4, 4, 4, 4 ra_sw_physics=4, 4, 4, 4, 4 cu_physics=1, 0, 0, 0, 0",0,5,1,0,
/mnt/data/canairy_meteo/runs/wrf_l2/20260518_18z_l2_72h_20260519T075505Z,20260518_18z_l2_72h_20260519T075505Z,20260518_18z,2026-05-18T18:00:00+00:00,forcing/input-only,-,-,"mp_physics=8, 8 bl_pbl_physics=5, 5 sf_sfclay_physics=5, 5 ra_lw_physics=4, 4 ra_sw_physics=4, 4 cu_physics=1, 0",0,2,1,0,
/mnt/data/canairy_meteo/runs/wrf_l3/20260518_18z_l3_24h_20260519T075505Z,20260518_18z_l3_24h_20260519T075505Z,20260518_18z,2026-05-18T18:00:00+00:00,forcing/input-only,-,-,"mp_physics=8, 8, 8, 8, 8 bl_pbl_physics=5, 5, 5, 5, 5 sf_sfclay_physics=5, 5, 5, 5, 5 ra_lw_physics=4, 4, 4, 4, 4 ra_sw_physics=4, 4, 4, 4, 4 cu_physics=1, 0, 0, 0, 0",0,5,1,0,
/mnt/data/canairy_meteo/runs/phys_sweep/_metem/20260519_18z_compact_l3,20260519_18z_compact_l3,20260519_18z,2026-05-19T18:00:00+00:00,forcing/input-only,-,-,-,0,0,0,39,
/mnt/data/canairy_meteo/runs/wrf_l2/20260519_18z_l2_72h_20260520T025228Z,20260519_18z_l2_72h_20260520T025228Z,20260519_18z,2026-05-19T18:00:00+00:00,forcing/input-only,-,-,"mp_physics=8, 8 bl_pbl_physics=5, 5 sf_sfclay_physics=5, 5 ra_lw_physics=4, 4 ra_sw_physics=4, 4 cu_physics=1, 0",0,2,1,0,
/mnt/data/canairy_meteo/runs/wrf_l3/20260519_18z_l3_24h_20260520T025228Z,20260519_18z_l3_24h_20260520T025228Z,20260519_18z,2026-05-19T18:00:00+00:00,forcing/input-only,-,-,"mp_physics=8, 8, 8, 8, 8 bl_pbl_physics=5, 5, 5, 5, 5 sf_sfclay_physics=5, 5, 5, 5, 5 ra_lw_physics=4, 4, 4, 4, 4 ra_sw_physics=4, 4, 4, 4, 4 cu_physics=1, 0, 0, 0, 0",0,5,1,0,
/mnt/data/canairy_meteo/runs/wrf_l2/20260520_18z_l2_72h_20260521T045847Z,20260520_18z_l2_72h_20260521T045847Z,20260520_18z,2026-05-20T18:00:00+00:00,forcing/input-only,-,-,"mp_physics=8, 8 bl_pbl_physics=5, 5 sf_sfclay_physics=5, 5 ra_lw_physics=4, 4 ra_sw_physics=4, 4 cu_physics=1, 0",0,2,1,0,
/mnt/data/canairy_meteo/runs/wrf_l3/20260520_18z_l3_24h_20260521T045847Z,20260520_18z_l3_24h_20260521T045847Z,20260520_18z,2026-05-20T18:00:00+00:00,forcing/input-only,-,-,"mp_physics=8, 8, 8, 8, 8 bl_pbl_physics=5, 5, 5, 5, 5 sf_sfclay_physics=5, 5, 5, 5, 5 ra_lw_physics=4, 4, 4, 4, 4 ra_sw_physics=4, 4, 4, 4, 4 cu_physics=1, 0, 0, 0, 0",0,5,1,0,
/mnt/data/canairy_meteo/runs/wps_cases/20260521_18z_72h/l3,l3,20260521_18z,2026-05-21T18:00:00+00:00,forcing/input-only,-,-,-,0,0,0,65,
/mnt/data/canairy_meteo/runs/wps_cases/20260521_18z_l2rerun_72h/l3,l3,20260521_18z,2026-05-21T18:00:00+00:00,forcing/input-only,-,-,-,0,0,0,65,
/mnt/data/canairy_meteo/runs/wrf_l2/20260521_18z_l2rerun_l2_72h_20260522T231647Z,20260521_18z_l2rerun_l2_72h_20260522T231647Z,20260521_18z,2026-05-21T18:00:00+00:00,forcing/input-only,-,-,"mp_physics=8, 8 bl_pbl_physics=5, 5 sf_sfclay_physics=5, 5 ra_lw_physics=4, 4 ra_sw_physics=4, 4 cu_physics=1, 0",0,2,1,65,
/mnt/data/canairy_meteo/runs/wrf_l3/20260521_18z_l2rerun_l3_24h_20260522T231647Z,20260521_18z_l2rerun_l3_24h_20260522T231647Z,20260521_18z,2026-05-21T18:00:00+00:00,forcing/input-only,-,-,"mp_physics=8, 8, 8, 8, 8 bl_pbl_physics=5, 5, 5, 5, 5 sf_sfclay_physics=5, 5, 5, 5, 5 ra_lw_physics=4, 4, 4, 4, 4 ra_sw_physics=4, 4, 4, 4, 4 cu_physics=1, 0, 0, 0, 0",0,5,1,65,
/mnt/data/canairy_meteo/runs/wps_cases/20260522_18z_72h/l3,l3,20260522_18z,2026-05-22T18:00:00+00:00,forcing/input-only,-,-,-,0,0,0,65,
/mnt/data/canairy_meteo/runs/wrf_l2/20260522_18z_l2_72h_20260523T055700Z,20260522_18z_l2_72h_20260523T055700Z,20260522_18z,2026-05-22T18:00:00+00:00,forcing/input-only,-,-,"mp_physics=8, 8 bl_pbl_physics=5, 5 sf_sfclay_physics=5, 5 ra_lw_physics=4, 4 ra_sw_physics=4, 4 cu_physics=1, 0",0,2,1,65,
/mnt/data/canairy_meteo/runs/wrf_l3/20260522_18z_l3_24h_20260523T055700Z,20260522_18z_l3_24h_20260523T055700Z,20260522_18z,2026-05-22T18:00:00+00:00,forcing/input-only,-,-,"mp_physics=8, 8, 8, 8, 8 bl_pbl_physics=5, 5, 5, 5, 5 sf_sfclay_physics=5, 5, 5, 5, 5 ra_lw_physics=4, 4, 4, 4, 4 ra_sw_physics=4, 4, 4, 4, 4 cu_physics=1, 0, 0, 0, 0",0,5,1,65,
/mnt/data/canairy_meteo/runs/wps_cases/20260523_18z_72h/l3,l3,20260523_18z,2026-05-23T18:00:00+00:00,forcing/input-only,-,-,-,0,0,0,65,
/mnt/data/canairy_meteo/runs/wrf_l2/20260523_18z_l2_72h_20260524T004313Z,20260523_18z_l2_72h_20260524T004313Z,20260523_18z,2026-05-23T18:00:00+00:00,forcing/input-only,-,-,"mp_physics=8, 8 bl_pbl_physics=5, 5 sf_sfclay_physics=5, 5 ra_lw_physics=4, 4 ra_sw_physics=4, 4 cu_physics=1, 0",0,2,1,65,
/mnt/data/canairy_meteo/runs/wrf_l3/20260523_18z_l3_24h_20260524T004313Z,20260523_18z_l3_24h_20260524T004313Z,20260523_18z,2026-05-23T18:00:00+00:00,forcing/input-only,-,-,"mp_physics=8, 8, 8, 8, 8 bl_pbl_physics=5, 5, 5, 5, 5 sf_sfclay_physics=5, 5, 5, 5, 5 ra_lw_physics=4, 4, 4, 4, 4 ra_sw_physics=4, 4, 4, 4, 4 cu_physics=1, 0, 0, 0, 0",0,5,1,65,
/mnt/data/canairy_meteo/runs/wps_cases/20260524_18z_72h/l3,l3,20260524_18z,2026-05-24T18:00:00+00:00,forcing/input-only,-,-,-,0,0,0,65,
/mnt/data/canairy_meteo/runs/wrf_l2/20260524_18z_l2_72h_20260525T225640Z,20260524_18z_l2_72h_20260525T225640Z,20260524_18z,2026-05-24T18:00:00+00:00,forcing/input-only,-,-,"mp_physics=8, 8 bl_pbl_physics=5, 5 sf_sfclay_physics=5, 5 ra_lw_physics=4, 4 ra_sw_physics=4, 4 cu_physics=1, 0",0,2,1,65,
/mnt/data/canairy_meteo/runs/wrf_l3/20260524_18z_l3_24h_20260525T225640Z,20260524_18z_l3_24h_20260525T225640Z,20260524_18z,2026-05-24T18:00:00+00:00,forcing/input-only,-,-,"mp_physics=8, 8, 8, 8, 8 bl_pbl_physics=5, 5, 5, 5, 5 sf_sfclay_physics=5, 5, 5, 5, 5 ra_lw_physics=4, 4, 4, 4, 4 ra_sw_physics=4, 4, 4, 4, 4 cu_physics=1, 0, 0, 0, 0",0,5,1,65,
/mnt/data/canairy_meteo/runs/wps_cases/20260525_18z_72h/l3,l3,20260525_18z,2026-05-25T18:00:00+00:00,forcing/input-only,-,-,-,0,0,0,65,
/mnt/data/canairy_meteo/runs/wrf_l2/20260525_18z_l2_72h_20260526T221207Z,20260525_18z_l2_72h_20260526T221207Z,20260525_18z,2026-05-25T18:00:00+00:00,forcing/input-only,-,-,"mp_physics=8, 8 bl_pbl_physics=5, 5 sf_sfclay_physics=5, 5 ra_lw_physics=4, 4 ra_sw_physics=4, 4 cu_physics=1, 0",0,2,1,65,
/mnt/data/canairy_meteo/runs/wrf_l3/20260525_18z_l3_24h_20260526T221207Z,20260525_18z_l3_24h_20260526T221207Z,20260525_18z,2026-05-25T18:00:00+00:00,forcing/input-only,-,-,"mp_physics=8, 8, 8, 8, 8 bl_pbl_physics=5, 5, 5, 5, 5 sf_sfclay_physics=5, 5, 5, 5, 5 ra_lw_physics=4, 4, 4, 4, 4 ra_sw_physics=4, 4, 4, 4, 4 cu_physics=1, 0, 0, 0, 0",0,5,1,65,
/mnt/data/canairy_meteo/runs/wps_cases/20260527_18z_72h/l3,l3,20260527_18z,2026-05-27T18:00:00+00:00,forcing/input-only,-,-,-,0,0,0,65,
/mnt/data/canairy_meteo/runs/wrf_l2/20260527_18z_l2_72h_20260528T002306Z,20260527_18z_l2_72h_20260528T002306Z,20260527_18z,2026-05-27T18:00:00+00:00,forcing/input-only,-,-,"mp_physics=8, 8 bl_pbl_physics=5, 5 sf_sfclay_physics=5, 5 ra_lw_physics=4, 4 ra_sw_physics=4, 4 cu_physics=1, 0",0,2,1,65,
/mnt/data/canairy_meteo/runs/wrf_l3/20260527_18z_l3_24h_20260528T002306Z,20260527_18z_l3_24h_20260528T002306Z,20260527_18z,2026-05-27T18:00:00+00:00,forcing/input-only,-,-,"mp_physics=8, 8, 8, 8, 8 bl_pbl_physics=5, 5, 5, 5, 5 sf_sfclay_physics=5, 5, 5, 5, 5 ra_lw_physics=4, 4, 4, 4, 4 ra_sw_physics=4, 4, 4, 4, 4 cu_physics=1, 0, 0, 0, 0",0,5,1,65,
/mnt/data/canairy_meteo/runs/wps_cases/20260528_18z_72h/l3,l3,20260528_18z,2026-05-28T18:00:00+00:00,forcing/input-only,-,-,-,0,0,0,65,
/mnt/data/canairy_meteo/runs/wrf_l2/20260528_18z_l2_72h_20260529T002423Z,20260528_18z_l2_72h_20260529T002423Z,20260528_18z,2026-05-28T18:00:00+00:00,forcing/input-only,-,-,"mp_physics=8, 8 bl_pbl_physics=5, 5 sf_sfclay_physics=5, 5 ra_lw_physics=4, 4 ra_sw_physics=4, 4 cu_physics=1, 0",0,2,1,65,
/mnt/data/canairy_meteo/runs/wrf_l3/20260528_18z_l3_24h_20260529T002423Z,20260528_18z_l3_24h_20260529T002423Z,20260528_18z,2026-05-28T18:00:00+00:00,forcing/input-only,-,-,"mp_physics=8, 8, 8, 8, 8 bl_pbl_physics=5, 5, 5, 5, 5 sf_sfclay_physics=5, 5, 5, 5, 5 ra_lw_physics=4, 4, 4, 4, 4 ra_sw_physics=4, 4, 4, 4, 4 cu_physics=1, 0, 0, 0, 0",0,5,1,65,
/mnt/data/canairy_meteo/runs/wps_cases/20260529_18z_72h/l3,l3,20260529_18z,2026-05-29T18:00:00+00:00,forcing/input-only,-,-,-,0,0,0,65,
/mnt/data/canairy_meteo/runs/wrf_l2/20260529_18z_l2_72h_20260530T054804Z,20260529_18z_l2_72h_20260530T054804Z,20260529_18z,2026-05-29T18:00:00+00:00,forcing/input-only,-,-,"mp_physics=8, 8 bl_pbl_physics=5, 5 sf_sfclay_physics=5, 5 ra_lw_physics=4, 4 ra_sw_physics=4, 4 cu_physics=1, 0",0,2,1,65,
/mnt/data/canairy_meteo/runs/wrf_l3/20260529_18z_l3_24h_20260530T054804Z,20260529_18z_l3_24h_20260530T054804Z,20260529_18z,2026-05-29T18:00:00+00:00,forcing/input-only,-,-,"mp_physics=8, 8, 8, 8, 8 bl_pbl_physics=5, 5, 5, 5, 5 sf_sfclay_physics=5, 5, 5, 5, 5 ra_lw_physics=4, 4, 4, 4, 4 ra_sw_physics=4, 4, 4, 4, 4 cu_physics=1, 0, 0, 0, 0",0,5,1,65,
/mnt/data/canairy_meteo/runs/wps_cases/20260530_18z_72h/l3,l3,20260530_18z,2026-05-30T18:00:00+00:00,forcing/input-only,-,-,-,0,0,0,65,
/mnt/data/canairy_meteo/runs/wrf_l2/20260530_18z_l2_72h_20260531T161057Z,20260530_18z_l2_72h_20260531T161057Z,20260530_18z,2026-05-30T18:00:00+00:00,forcing/input-only,-,-,"mp_physics=8, 8 bl_pbl_physics=5, 5 sf_sfclay_physics=5, 5 ra_lw_physics=4, 4 ra_sw_physics=4, 4 cu_physics=1, 0",0,2,1,65,
/mnt/data/canairy_meteo/runs/wrf_l3/20260530_18z_l3_24h_20260531T161057Z,20260530_18z_l3_24h_20260531T161057Z,20260530_18z,2026-05-30T18:00:00+00:00,forcing/input-only,-,-,"mp_physics=8, 8, 8, 8, 8 bl_pbl_physics=5, 5, 5, 5, 5 sf_sfclay_physics=5, 5, 5, 5, 5 ra_lw_physics=4, 4, 4, 4, 4 ra_sw_physics=4, 4, 4, 4, 4 cu_physics=1, 0, 0, 0, 0",0,5,1,65,
/mnt/data/canairy_meteo/runs/wps_cases/20260531_18z_120h/l3,l3,20260531_18z,2026-05-31T18:00:00+00:00,forcing/input-only,-,-,-,0,0,0,105,
/mnt/data/canairy_meteo/runs/wps_cases/20260531_18z_72h/l3,l3,20260531_18z,2026-05-31T18:00:00+00:00,forcing/input-only,-,-,-,0,0,0,65,
/mnt/data/canairy_meteo/gate_2way_d02_v013,gate_2way_d02_v013,,,unknown,-,-,-,0,0,0,0,
/mnt/data/canairy_meteo/gate_2way_v013,gate_2way_v013,,,unknown,-,-,-,0,0,0,0,
/mnt/data/canairy_meteo/gate_2way_v013c,gate_2way_v013c,,,unknown,-,-,-,0,0,0,0,
/mnt/data/canairy_meteo/gate_gwd_nested_v013b,gate_gwd_nested_v013b,,,unknown,-,-,-,0,0,0,0,
/mnt/data/canairy_meteo/gate_revalidate_gwd8,gate_revalidate_gwd8,,,unknown,-,-,-,0,0,0,0,
/mnt/data/canairy_meteo/runs/campaign_l2,campaign_l2,,,unknown,-,-,-,0,0,0,0,
/mnt/data/canairy_meteo/runs/campaign_l3,campaign_l3,,,unknown,-,-,-,0,0,0,0,
/mnt/data/canairy_meteo/runs/terrain_sweep/_domain_validation/wps_geogrid_only,wps_geogrid_only,,,unknown,-,-,-,0,0,0,0,
/mnt/data/canairy_meteo/runs/terrain_sweep/_elmedano_patch_test/wps_l3,wps_l3,,,unknown,-,-,-,0,0,0,0,
/mnt/data/canairy_meteo/runs/terrain_sweep/_pine_only_test/wps_l3,wps_l3,,,unknown,-,-,-,0,0,0,0,
/mnt/data/canairy_meteo/runs/wps_cases/20260428_18z_72h/ungrib,ungrib,20260428_18z,2026-04-28T18:00:00+00:00,unknown,-,-,-,0,0,0,0,
/mnt/data/canairy_meteo/runs/wps_cases/20260429_18z_72h/ungrib,ungrib,20260429_18z,2026-04-29T18:00:00+00:00,unknown,-,-,-,0,0,0,0,
/mnt/data/canairy_meteo/runs/terrain_sweep/_ungrib/20260518_18z,20260518_18z,20260518_18z,2026-05-18T18:00:00+00:00,unknown,-,-,-,0,0,0,0,
/mnt/data/canairy_meteo/runs/phys_sweep/_ungrib/20260519_18z,20260519_18z,20260519_18z,2026-05-19T18:00:00+00:00,unknown,-,-,-,0,0,0,0,
/mnt/data/canairy_meteo/runs/wps_cases/20260521_18z_72h/ungrib,ungrib,20260521_18z,2026-05-21T18:00:00+00:00,unknown,-,-,-,0,0,0,0,
/mnt/data/canairy_meteo/runs/wps_cases/20260521_18z_l2rerun_72h/ungrib,ungrib,20260521_18z,2026-05-21T18:00:00+00:00,unknown,-,-,-,0,0,0,0,
/mnt/data/canairy_meteo/runs/wps_cases/20260522_18z_72h/ungrib,ungrib,20260522_18z,2026-05-22T18:00:00+00:00,unknown,-,-,-,0,0,0,0,
/mnt/data/canairy_meteo/runs/wps_cases/20260523_18z_72h/ungrib,ungrib,20260523_18z,2026-05-23T18:00:00+00:00,unknown,-,-,-,0,0,0,0,
/mnt/data/canairy_meteo/runs/wps_cases/20260524_18z_72h/ungrib,ungrib,20260524_18z,2026-05-24T18:00:00+00:00,unknown,-,-,-,0,0,0,0,
/mnt/data/canairy_meteo/runs/wps_cases/20260525_18z_72h/ungrib,ungrib,20260525_18z,2026-05-25T18:00:00+00:00,unknown,-,-,-,0,0,0,0,
/mnt/data/canairy_meteo/runs/wps_cases/20260527_18z_72h/ungrib,ungrib,20260527_18z,2026-05-27T18:00:00+00:00,unknown,-,-,-,0,0,0,0,
/mnt/data/canairy_meteo/runs/wps_cases/20260528_18z_72h/ungrib,ungrib,20260528_18z,2026-05-28T18:00:00+00:00,unknown,-,-,-,0,0,0,0,
/mnt/data/canairy_meteo/runs/wps_cases/20260529_18z_72h/ungrib,ungrib,20260529_18z,2026-05-29T18:00:00+00:00,unknown,-,-,-,0,0,0,0,
/mnt/data/canairy_meteo/runs/wps_cases/20260530_18z_72h/ungrib,ungrib,20260530_18z,2026-05-30T18:00:00+00:00,unknown,-,-,-,0,0,0,0,
/mnt/data/canairy_meteo/runs/wps_cases/20260531_18z_120h/ungrib,ungrib,20260531_18z,2026-05-31T18:00:00+00:00,unknown,-,-,-,0,0,0,0,
/mnt/data/canairy_meteo/runs/wps_cases/20260531_18z_72h/ungrib,ungrib,20260531_18z,2026-05-31T18:00:00+00:00,unknown,-,-,-,0,0,0,0,
